date,AAPL,MSFT,GOOG,FB,INTC,CSCO,AMZN,WMT,KO,DIS,JPM,BAC,WFC,C,XOM,CVX,JNJ,PFE,BA,GE
2014-01-02,0.059459,0.047799,0.052427,0.044558,0.048776,0.054576,0.048776,0.041869,0.048776,0.048776,0.048776,0.065223,0.048776,0.048776,0.048776,0.048776,0.048776,0.048776,0.048776,0.048776
2014-01-03,0.051116,0.045959,0.058572,0.030446,0.047696,0.051582,0.046776,0.039211,0.046776,0.046776,0.06055,0.075795,0.046776,0.058642,0.046776,0.046776,0.046158,0.060067,0.046776,0.046776
2014-01-06,0.055682,0.038567,0.065098,0.036593,0.060179,0.051659,0.048431,0.043109,0.048431,0.04241,0.059829,0.047178,0.048431,0.050072,0.048431,0.048431,0.048008,0.057119,0.053912,0.048431
2014-01-07,0.052373,0.038796,0.064079,0.049693,0.076015,0.050036,0.047303,0.042745,0.047303,0.04214,0.058549,0.046236,0.047303,0.043606,0.047303,0.047303,0.038914,0.05461,0.05076,0.054931
2014-01-08,0.049734,0.041055,0.061729,0.055507,0.070372,0.057701,0.066064,0.042633,0.046565,0.042885,0.050686,0.042425,0.041178,0.043729,0.046565,0.046565,0.039288,0.052767,0.049514,0.053038
2014-01-09,0.049375,0.041394,0.059038,0.049256,0.066172,0.05567,0.068789,0.042776,0.04619,0.042995,0.049729,0.042594,0.041502,0.061697,0.053858,0.037168,0.039838,0.051502,0.048726,0.051732
2014-01-10,0.051407,0.042491,0.058663,0.058115,0.063923,0.054994,0.067307,0.045378,0.046745,0.043918,0.050983,0.051472,0.042587,0.049661,0.055674,0.032515,0.041097,0.051392,0.04384,0.047839
2014-01-13,0.05244,0.03472,0.052263,0.062106,0.057263,0.066507,0.058606,0.044844,0.045731,0.043887,0.065888,0.048731,0.057614,0.047593,0.047523,0.033328,0.042006,0.048681,0.043835,0.046434
2014-01-14,0.054145,0.031988,0.051954,0.056221,0.078202,0.063189,0.055652,0.059522,0.044843,0.043265,0.063699,0.047394,0.05186,0.039987,0.04637,0.034047,0.041646,0.047352,0.043221,0.045443
2014-01-15,0.068561,0.032388,0.049754,0.052916,0.07732,0.058582,0.05245,0.055611,0.043461,0.042126,0.052771,0.060744,0.041945,0.039334,0.049227,0.04376,0.041458,0.046207,0.042089,0.049299
2014-01-16,0.080664,0.02779,0.055021,0.046334,0.072957,0.040619,0.053757,0.05556,0.045642,0.044419,0.054462,0.051854,0.04989,0.037392,0.05087,0.045915,0.043805,0.048143,0.043971,0.050935
2014-01-17,0.075676,0.029928,0.058821,0.046703,0.069341,0.041646,0.053153,0.054701,0.046095,0.045018,0.053758,0.05151,0.049808,0.03875,0.050659,0.046335,0.044476,0.048286,0.044622,0.050715
2014-01-21,0.068316,0.031412,0.051244,0.048282,0.060447,0.039843,0.045836,0.046599,0.042235,0.041665,0.048984,0.033387,0.044445,0.047364,0.044589,0.042361,0.064758,0.043377,0.041455,0.113402
2014-01-22,0.076025,0.032605,0.049925,0.057063,0.054571,0.040103,0.050457,0.045961,0.042191,0.041695,0.048447,0.034383,0.044106,0.048934,0.044231,0.042301,0.049312,0.043182,0.037212,0.117295
2014-01-23,0.077485,0.029851,0.048736,0.050187,0.052558,0.041472,0.060167,0.035081,0.043345,0.042901,0.048889,0.036271,0.045053,0.049317,0.053519,0.043443,0.049648,0.044004,0.04251,0.105564
2014-01-24,0.077526,0.038334,0.055848,0.05115,0.051034,0.041524,0.069673,0.035894,0.043152,0.042767,0.046095,0.030059,0.038792,0.039628,0.051846,0.043237,0.048566,0.043722,0.042427,0.108726
2014-01-27,0.082067,0.040109,0.048942,0.058241,0.04885,0.033383,0.062884,0.038729,0.043732,0.043474,0.042946,0.034207,0.040764,0.041342,0.062287,0.055254,0.047278,0.051807,0.043246,0.08046
2014-01-28,0.083477,0.041768,0.047953,0.057374,0.047436,0.034054,0.065244,0.038755,0.043078,0.042857,0.042404,0.034785,0.040522,0.044743,0.05861,0.052805,0.046104,0.046589,0.042661,0.088782
2014-01-29,0.076328,0.061018,0.056502,0.062292,0.045959,0.03444,0.076518,0.038544,0.042261,0.042072,0.033986,0.037076,0.040069,0.043679,0.055252,0.050456,0.044834,0.045244,0.034155,0.079314
2014-01-30,0.061321,0.060846,0.052673,0.094544,0.046086,0.03585,0.075798,0.039541,0.042841,0.042674,0.031042,0.038227,0.0409,0.042366,0.036703,0.049988,0.046268,0.045462,0.04276,0.07411
2014-01-31,0.065446,0.064467,0.051949,0.095074,0.048477,0.038956,0.076631,0.030965,0.045491,0.045337,0.028523,0.041196,0.043692,0.045052,0.028707,0.034765,0.048644,0.047905,0.045416,0.073305
2014-02-03,0.063901,0.057772,0.06413,0.075786,0.048885,0.042318,0.060362,0.034616,0.056005,0.042169,0.034451,0.044576,0.045646,0.046578,0.043061,0.039257,0.048996,0.048504,0.040196,0.062791
2014-02-04,0.06435,0.056238,0.061747,0.074472,0.048752,0.042998,0.058542,0.037392,0.054878,0.042867,0.03595,0.046201,0.045927,0.046743,0.043655,0.040278,0.048849,0.048421,0.041115,0.060623
2014-02-05,0.068053,0.051342,0.061606,0.075471,0.049036,0.043957,0.057504,0.038923,0.054358,0.043589,0.028286,0.046794,0.046553,0.049039,0.044541,0.041526,0.04912,0.048745,0.042276,0.05928
2014-02-06,0.066367,0.061158,0.071977,0.074657,0.047011,0.042743,0.060326,0.038449,0.064663,0.053236,0.028723,0.043918,0.044439,0.046239,0.033961,0.031514,0.047081,0.046769,0.041316,0.055453
2014-02-07,0.078091,0.063494,0.068691,0.078831,0.049121,0.045215,0.061031,0.041234,0.067014,0.054737,0.021594,0.035036,0.031574,0.033948,0.037011,0.034678,0.049185,0.0489,0.043898,0.056717
2014-02-10,0.085018,0.061995,0.062796,0.069763,0.045908,0.043466,0.057477,0.040901,0.056349,0.073612,0.026138,0.039237,0.034297,0.039776,0.038087,0.036486,0.045947,0.045772,0.0465,0.050476
2014-02-11,0.082557,0.055442,0.094613,0.099847,0.042683,0.044418,0.040439,0.038601,0.051019,0.064383,0.02614,0.03723,0.033114,0.037674,0.036278,0.034947,0.042715,0.042573,0.048971,0.046357
2014-02-12,0.071589,0.054375,0.082468,0.106308,0.043303,0.056897,0.035626,0.039675,0.050579,0.061934,0.028258,0.038446,0.034718,0.038845,0.037588,0.036385,0.043332,0.044336,0.048807,0.046531
2014-02-13,0.073167,0.052401,0.084232,0.099751,0.04298,0.052507,0.032386,0.039827,0.049202,0.067691,0.035476,0.03875,0.035458,0.0391,0.037997,0.036935,0.043004,0.045683,0.047697,0.045755
2014-02-14,0.079285,0.050949,0.077017,0.089191,0.042874,0.063985,0.039538,0.040123,0.04823,0.06367,0.035892,0.039177,0.034168,0.039485,0.038513,0.037575,0.042895,0.045213,0.046943,0.045275
2014-02-18,0.076585,0.056045,0.065619,0.059238,0.046154,0.065498,0.044056,0.044429,0.031897,0.057923,0.039265,0.043825,0.040513,0.044022,0.043397,0.042786,0.046246,0.056259,0.048621,0.047621
2014-02-19,0.077449,0.055104,0.065044,0.063831,0.046535,0.050792,0.037608,0.05733,0.033736,0.056708,0.039099,0.044483,0.041542,0.044657,0.044104,0.043564,0.046615,0.055288,0.048693,0.04782
2014-02-20,0.071189,0.055344,0.068539,0.064849,0.051208,0.06776,0.042542,0.049651,0.044639,0.060826,0.036107,0.040551,0.032159,0.035551,0.031468,0.031132,0.051284,0.059497,0.053269,0.052436
2014-02-21,0.06824,0.056149,0.059841,0.063356,0.049342,0.066969,0.043854,0.049075,0.047375,0.060961,0.037073,0.045795,0.031193,0.035008,0.034346,0.034027,0.052546,0.0598,0.051477,0.053573
2014-02-24,0.058848,0.049471,0.058361,0.073611,0.053554,0.056663,0.042859,0.042519,0.051403,0.053256,0.044632,0.054656,0.039822,0.041987,0.036473,0.036249,0.048284,0.052584,0.047634,0.057135
2014-02-25,0.062801,0.050165,0.05757,0.070665,0.05375,0.056457,0.043776,0.041005,0.051866,0.05349,0.032974,0.054712,0.043115,0.04349,0.038473,0.038267,0.049116,0.052902,0.048539,0.056866
2014-02-26,0.06381,0.056865,0.056357,0.066366,0.052064,0.054338,0.043544,0.045179,0.056379,0.051844,0.032253,0.049804,0.044753,0.043296,0.038915,0.038733,0.048133,0.051348,0.047641,0.058377
2014-02-27,0.0669,0.050332,0.053131,0.06064,0.05251,0.052626,0.046717,0.038363,0.06822,0.05438,0.033692,0.050935,0.035371,0.042787,0.042362,0.040966,0.049496,0.05196,0.050521,0.058091
2014-02-28,0.070652,0.047923,0.060261,0.059152,0.049723,0.049818,0.060979,0.037834,0.062447,0.051261,0.034361,0.057763,0.035556,0.042097,0.041244,0.040058,0.047229,0.049269,0.048079,0.054293
2014-03-03,0.058232,0.052581,0.060033,0.054196,0.06369,0.04792,0.058405,0.038881,0.063511,0.054771,0.036488,0.051402,0.042897,0.033998,0.043762,0.040375,0.045008,0.053223,0.045541,0.055087
2014-03-04,0.055772,0.053532,0.063235,0.056501,0.063252,0.049377,0.058658,0.041161,0.063098,0.055467,0.038947,0.039848,0.030743,0.028283,0.039313,0.037911,0.046754,0.075058,0.047235,0.055855
2014-03-05,0.07307,0.050302,0.074552,0.064596,0.058166,0.046885,0.05246,0.051185,0.058042,0.051881,0.038136,0.041852,0.026196,0.024047,0.041852,0.037251,0.044709,0.06751,0.04511,0.052197
2014-03-06,0.07651,0.057684,0.073406,0.063679,0.051915,0.048177,0.044261,0.052001,0.058016,0.052617,0.040248,0.049695,0.029025,0.027604,0.035491,0.033983,0.043044,0.063165,0.046585,0.052895
2014-03-07,0.080369,0.06428,0.066727,0.062123,0.046036,0.053567,0.043439,0.049982,0.054979,0.050497,0.037306,0.057995,0.031906,0.026992,0.04706,0.034513,0.042398,0.053684,0.045418,0.05073
2014-03-10,0.074555,0.065845,0.071631,0.061919,0.04903,0.050496,0.045839,0.04824,0.051369,0.048567,0.05288,0.053212,0.035875,0.03295,0.04636,0.046559,0.043277,0.050568,0.022114,0.048715
2014-03-11,0.084383,0.062477,0.062191,0.059222,0.048684,0.049588,0.045583,0.047654,0.050334,0.047697,0.051621,0.060345,0.029222,0.029711,0.058829,0.046205,0.043356,0.04965,0.026853,0.046393
2014-03-12,0.076058,0.060435,0.068314,0.047059,0.065888,0.049423,0.047088,0.048489,0.05007,0.047778,0.051182,0.058635,0.031038,0.029697,0.05735,0.046475,0.04397,0.045437,0.028975,0.046639
2014-03-13,0.085935,0.058659,0.065263,0.048825,0.063241,0.049236,0.057402,0.037178,0.049797,0.047806,0.050758,0.063315,0.032529,0.031602,0.056043,0.03225,0.044471,0.047947,0.030931,0.046813
2014-03-14,0.076348,0.057017,0.057554,0.049713,0.06227,0.050078,0.055481,0.040533,0.050573,0.048809,0.051422,0.062334,0.034909,0.044144,0.056054,0.034648,0.045831,0.040946,0.033411,0.047925
2014-03-17,0.077951,0.055964,0.059331,0.04484,0.059368,0.051371,0.049843,0.044446,0.051706,0.041405,0.04723,0.052464,0.03547,0.047558,0.055338,0.040288,0.048454,0.044982,0.042087,0.049903
2014-03-18,0.081582,0.065883,0.070579,0.043417,0.055433,0.052105,0.056472,0.041771,0.04915,0.040507,0.045425,0.04615,0.035403,0.045699,0.052142,0.039554,0.046448,0.043537,0.041087,0.047655
2014-03-19,0.080294,0.061117,0.078541,0.037877,0.052586,0.049826,0.075879,0.041104,0.047357,0.040818,0.044217,0.04483,0.035591,0.046593,0.049857,0.039198,0.045082,0.042612,0.040517,0.046101
2014-03-20,0.103788,0.05538,0.098307,0.038462,0.048586,0.034632,0.082151,0.039208,0.044353,0.038971,0.04158,0.039981,0.034589,0.043729,0.059223,0.037621,0.036935,0.040458,0.038721,0.043326
2014-03-21,0.089104,0.055828,0.082639,0.028237,0.044744,0.035424,0.070682,0.037124,0.052516,0.036928,0.061058,0.053816,0.050898,0.054491,0.058053,0.035812,0.037274,0.038152,0.036722,0.040496
2014-03-24,0.070092,0.049924,0.060421,0.034808,0.057142,0.036981,0.054327,0.038142,0.04795,0.038009,0.059656,0.085021,0.04697,0.080052,0.051228,0.037247,0.038244,0.038063,0.043519,0.032201
2014-03-25,0.06749,0.059883,0.060137,0.036123,0.054517,0.036063,0.058314,0.038345,0.046797,0.046129,0.056598,0.077048,0.045964,0.073113,0.049571,0.03756,0.038434,0.041817,0.043009,0.033089
2014-03-26,0.069785,0.0581,0.056358,0.033567,0.052874,0.036898,0.056065,0.038922,0.039546,0.045717,0.057193,0.073812,0.036872,0.082251,0.048672,0.038228,0.04213,0.041974,0.043013,0.048023
2014-03-27,0.069981,0.055499,0.051809,0.033893,0.049113,0.038456,0.049679,0.037616,0.04585,0.043273,0.058949,0.079523,0.037696,0.077766,0.045698,0.026011,0.040301,0.040171,0.05575,0.062967
2014-03-28,0.075239,0.053802,0.055498,0.036304,0.048554,0.039241,0.050217,0.034289,0.045734,0.043487,0.047447,0.059678,0.038566,0.08928,0.045601,0.02792,0.054609,0.04076,0.054218,0.059556
2014-03-31,0.080988,0.052373,0.052393,0.040183,0.047589,0.041351,0.053491,0.033937,0.045746,0.046065,0.053257,0.053857,0.04088,0.071126,0.045659,0.033034,0.048888,0.040048,0.064682,0.054453
2014-04-01,0.079411,0.050933,0.04936,0.040399,0.046169,0.040854,0.048389,0.034398,0.04461,0.04488,0.050922,0.072898,0.040978,0.065507,0.055698,0.0336,0.049039,0.039731,0.060309,0.051916
2014-04-02,0.083668,0.051299,0.058983,0.036583,0.045986,0.041341,0.050926,0.035591,0.04463,0.044865,0.034859,0.068439,0.04145,0.062357,0.06638,0.034872,0.048464,0.04035,0.058027,0.05093
2014-04-03,0.081913,0.060579,0.055318,0.036017,0.059443,0.040062,0.049159,0.035165,0.042823,0.043019,0.034535,0.057927,0.040154,0.057297,0.085604,0.034545,0.045773,0.038812,0.053817,0.048039
2014-04-04,0.091146,0.065576,0.047368,0.029891,0.054896,0.038936,0.037752,0.034759,0.041262,0.041427,0.050839,0.053675,0.039014,0.057362,0.075409,0.034225,0.043726,0.037876,0.064172,0.060688
2014-04-07,0.081694,0.058037,0.05064,0.028155,0.07266,0.041163,0.032313,0.038193,0.047452,0.042882,0.049083,0.051052,0.041217,0.062894,0.063665,0.041272,0.047026,0.038107,0.057328,0.055166
2014-04-08,0.091794,0.055735,0.056978,0.032626,0.067776,0.033371,0.033475,0.038719,0.046773,0.042826,0.047219,0.054774,0.041375,0.061208,0.060411,0.041423,0.046407,0.038643,0.055141,0.053327
2014-04-09,0.078579,0.05306,0.055437,0.034555,0.065678,0.03395,0.036261,0.038641,0.04555,0.042185,0.033532,0.052263,0.028786,0.071781,0.056916,0.056291,0.04933,0.043045,0.052568,0.071591
2014-04-10,0.080411,0.056119,0.060664,0.038856,0.086329,0.032431,0.045518,0.042582,0.05175,0.045962,0.032952,0.039399,0.023976,0.065406,0.037578,0.040601,0.052669,0.038293,0.055666,0.072839
2014-04-11,0.083733,0.061408,0.064907,0.03258,0.084755,0.029789,0.048549,0.045811,0.053336,0.05172,0.027865,0.039379,0.025857,0.051592,0.036367,0.032635,0.057004,0.041767,0.057845,0.073102
2014-04-14,0.074255,0.042318,0.058471,0.034466,0.073224,0.030205,0.061044,0.049234,0.058453,0.061352,0.019147,0.043463,0.038529,0.051666,0.042279,0.039364,0.047503,0.050584,0.057425,0.067015
2014-04-15,0.069007,0.04073,0.054387,0.03681,0.07311,0.031824,0.05582,0.048694,0.077035,0.058975,0.021226,0.038615,0.036441,0.046981,0.042647,0.043475,0.05693,0.049854,0.055675,0.061763
2014-04-16,0.06294,0.039414,0.048392,0.040769,0.079432,0.031796,0.059722,0.046044,0.095106,0.0544,0.02262,0.037332,0.035261,0.047217,0.042315,0.041717,0.060152,0.046998,0.05174,0.056632
2014-04-17,0.091451,0.039839,0.039072,0.044095,0.089458,0.02885,0.066948,0.04417,0.094639,0.050891,0.02415,0.036961,0.035212,0.045124,0.041112,0.040617,0.053006,0.044945,0.048769,0.04069
2014-04-21,0.085999,0.037418,0.034141,0.05187,0.065209,0.02831,0.069549,0.041397,0.064381,0.044997,0.029015,0.041765,0.042697,0.06298,0.039685,0.039404,0.056597,0.047031,0.043883,0.07367
2014-04-22,0.088664,0.041417,0.02977,0.050842,0.060023,0.029031,0.077141,0.040413,0.059359,0.043456,0.029659,0.040726,0.041515,0.068074,0.043331,0.038714,0.05306,0.048089,0.049968,0.066748
2014-04-23,0.090982,0.041138,0.030339,0.051964,0.056824,0.030193,0.067717,0.040269,0.056276,0.042896,0.038327,0.04054,0.041224,0.063404,0.042789,0.038973,0.05104,0.051543,0.061235,0.062328
2014-04-24,0.110853,0.05291,0.032157,0.052138,0.051592,0.029752,0.073306,0.038229,0.050889,0.048037,0.036618,0.037005,0.039016,0.056756,0.040302,0.037155,0.046989,0.047392,0.046346,0.072557
2014-04-25,0.12,0.053941,0.027904,0.063942,0.051986,0.028178,0.057382,0.039708,0.050936,0.059694,0.03716,0.027587,0.040419,0.056012,0.041576,0.038735,0.047521,0.04629,0.046954,0.064077
2014-04-28,0.12,0.063527,0.036057,0.064569,0.045917,0.031955,0.047951,0.041335,0.05153,0.054092,0.03517,0.032635,0.036164,0.059536,0.040105,0.040665,0.046536,0.049407,0.046169,0.056681
2014-04-29,0.112676,0.048752,0.032947,0.065198,0.044588,0.03252,0.050771,0.040688,0.049296,0.058326,0.035351,0.038673,0.041237,0.06327,0.049581,0.040601,0.048509,0.048656,0.044801,0.05356
2014-04-30,0.10077,0.048236,0.034445,0.061131,0.0393,0.033496,0.046252,0.04153,0.049082,0.056822,0.035884,0.036133,0.045995,0.060992,0.069731,0.041452,0.048399,0.048526,0.045161,0.056664
2014-05-01,0.104436,0.043437,0.035037,0.058238,0.036341,0.031621,0.048091,0.03813,0.044353,0.050095,0.033576,0.033778,0.041675,0.070168,0.058518,0.060587,0.047195,0.043665,0.041016,0.080041
2014-05-02,0.087518,0.042869,0.03851,0.055847,0.036703,0.032517,0.047231,0.038271,0.046219,0.048535,0.034259,0.034439,0.04135,0.065081,0.076582,0.044734,0.04608,0.047758,0.056349,0.079149
2014-05-05,0.07696,0.041464,0.055454,0.054325,0.042972,0.042375,0.056091,0.042602,0.047024,0.049832,0.026051,0.039738,0.044834,0.058066,0.06073,0.032084,0.048154,0.047088,0.065351,0.068808
2014-05-06,0.076814,0.041674,0.056736,0.05541,0.042991,0.042471,0.058722,0.042669,0.046499,0.063549,0.017104,0.049698,0.044608,0.055871,0.058096,0.033335,0.047471,0.039584,0.061926,0.064769
2014-05-07,0.077103,0.040453,0.054375,0.049925,0.045458,0.050548,0.047524,0.039048,0.0445,0.096432,0.018631,0.058389,0.042921,0.044383,0.05402,0.033307,0.045756,0.03868,0.068889,0.049659
2014-05-08,0.06448,0.041124,0.053201,0.038386,0.04688,0.059674,0.047452,0.039878,0.044684,0.12,0.02094,0.05413,0.0433,0.044581,0.052898,0.034723,0.04578,0.039551,0.059176,0.049161
2014-05-09,0.075609,0.042789,0.064092,0.041874,0.047958,0.059169,0.048467,0.041659,0.045996,0.091907,0.023777,0.03213,0.058266,0.045904,0.053275,0.036929,0.046977,0.032689,0.060549,0.049983
2014-05-12,0.12,0.040457,0.068363,0.04872,0.049096,0.049728,0.056177,0.039773,0.042362,0.065819,0.025963,0.033712,0.049243,0.042329,0.04979,0.036835,0.042934,0.037662,0.050141,0.050897
2014-05-13,0.12,0.040334,0.069503,0.045141,0.049609,0.057373,0.05328,0.039755,0.050811,0.060938,0.02769,0.034554,0.047648,0.041911,0.048097,0.037251,0.042418,0.036303,0.048384,0.049002
2014-05-14,0.12,0.039516,0.067015,0.048026,0.048609,0.070746,0.049364,0.032208,0.049663,0.058033,0.029414,0.040388,0.046949,0.041282,0.047329,0.037977,0.042475,0.035337,0.047573,0.048096
2014-05-15,0.12,0.039747,0.080753,0.049857,0.047556,0.077467,0.048195,0.022902,0.048448,0.055444,0.03078,0.040506,0.046146,0.035133,0.04647,0.038404,0.042312,0.03608,0.046677,0.047121
2014-05-16,0.12,0.038353,0.083467,0.053174,0.04515,0.079601,0.051184,0.021499,0.045919,0.051913,0.039496,0.039018,0.043931,0.042918,0.046089,0.037172,0.040598,0.035121,0.04439,0.041006
2014-05-19,0.107811,0.037669,0.088001,0.057367,0.045221,0.072358,0.043034,0.027254,0.045745,0.04974,0.041299,0.037677,0.044384,0.053928,0.045861,0.039602,0.042057,0.038964,0.043147,0.038882
2014-05-20,0.110735,0.037519,0.081888,0.056294,0.04363,0.06367,0.053873,0.029847,0.04685,0.050392,0.043915,0.039568,0.045634,0.046375,0.046953,0.041322,0.043544,0.040742,0.044525,0.032724
2014-05-21,0.096981,0.039744,0.080948,0.058936,0.042939,0.077368,0.054097,0.030854,0.045685,0.048677,0.04906,0.040985,0.044718,0.045281,0.048468,0.040954,0.042865,0.034308,0.043704,0.033427
2014-05-22,0.101928,0.046063,0.07201,0.05134,0.056786,0.061546,0.06456,0.03339,0.046991,0.049659,0.04665,0.038256,0.037075,0.03926,0.049474,0.042725,0.044651,0.036622,0.045212,0.035802
2014-05-23,0.103049,0.05953,0.064525,0.044749,0.058836,0.058367,0.071443,0.034274,0.046148,0.048421,0.048675,0.039158,0.038029,0.04007,0.039918,0.042479,0.04414,0.037144,0.044624,0.036419
2014-05-27,0.102873,0.068759,0.066964,0.056342,0.050371,0.049229,0.057532,0.046051,0.044194,0.04422,0.048192,0.040953,0.038171,0.033627,0.039578,0.040236,0.041931,0.047321,0.042194,0.041263
2014-05-28,0.12,0.077253,0.082145,0.053199,0.043823,0.042186,0.067013,0.044781,0.039642,0.039662,0.042745,0.041228,0.034895,0.031249,0.041298,0.037375,0.037868,0.042072,0.038075,0.04349
2014-05-29,0.12,0.069583,0.078809,0.054087,0.04449,0.043066,0.063957,0.04532,0.040836,0.040854,0.043553,0.04795,0.036619,0.035006,0.042328,0.030213,0.032676,0.042967,0.039453,0.048234
2014-05-30,0.12,0.063596,0.076722,0.049976,0.042587,0.041478,0.057454,0.050424,0.044542,0.053991,0.037869,0.047275,0.036365,0.039146,0.042011,0.031112,0.033154,0.048195,0.038632,0.045472
2014-06-02,0.12,0.093016,0.066573,0.04702,0.043616,0.040786,0.060366,0.046061,0.043022,0.048064,0.031815,0.044248,0.032149,0.040647,0.041112,0.034099,0.040412,0.044782,0.03902,0.04319
2014-06-03,0.12,0.09645,0.065523,0.049997,0.041343,0.04066,0.058161,0.045435,0.042691,0.047236,0.03241,0.0438,0.03272,0.048892,0.040957,0.034528,0.033022,0.044283,0.03905,0.042842
2014-06-04,0.12,0.084339,0.060945,0.047072,0.039765,0.066499,0.068913,0.043239,0.040913,0.044757,0.032038,0.042985,0.03231,0.046147,0.039435,0.03202,0.032574,0.046728,0.039686,0.039636
2014-06-05,0.12,0.075056,0.064585,0.04626,0.039442,0.05902,0.077708,0.042392,0.040421,0.04367,0.032746,0.046818,0.032985,0.049762,0.03916,0.03273,0.033218,0.045321,0.039374,0.039332
2014-06-06,0.119075,0.063799,0.05675,0.043472,0.03831,0.072615,0.097608,0.040565,0.039062,0.041531,0.033057,0.050445,0.033249,0.046061,0.038141,0.033044,0.033963,0.04277,0.038258,0.038226
2014-06-09,0.105589,0.053943,0.060442,0.041163,0.036983,0.059384,0.104523,0.05706,0.037478,0.039222,0.03311,0.06729,0.031023,0.051596,0.036819,0.033651,0.033781,0.040182,0.03988,0.03688
2014-06-10,0.104999,0.058358,0.055805,0.044964,0.036894,0.068482,0.09145,0.053163,0.03731,0.038768,0.033612,0.074919,0.026459,0.048841,0.036757,0.034074,0.039457,0.039565,0.039315,0.036808
2014-06-11,0.089444,0.055638,0.057768,0.047458,0.037873,0.063627,0.102811,0.051452,0.038722,0.03948,0.030857,0.075911,0.023749,0.04792,0.048487,0.035429,0.040604,0.04016,0.034809,0.037799
2014-06-12,0.103616,0.057939,0.05455,0.046548,0.042253,0.05899,0.087014,0.049667,0.039452,0.040076,0.031947,0.068653,0.020621,0.039319,0.060745,0.036712,0.046385,0.040634,0.03619,0.038688
2014-06-13,0.113051,0.058959,0.053669,0.048163,0.065615,0.055563,0.082031,0.047402,0.038324,0.042671,0.03154,0.051556,0.021053,0.040543,0.057088,0.035859,0.044503,0.039383,0.035389,0.037639
2014-06-16,0.12,0.059128,0.061237,0.04634,0.057858,0.051067,0.075216,0.045326,0.035892,0.041905,0.033562,0.048277,0.024645,0.050873,0.052116,0.036759,0.043228,0.039439,0.037674,0.039459
2014-06-17,0.12,0.057713,0.059538,0.046475,0.056609,0.050665,0.071475,0.04557,0.037034,0.042499,0.03489,0.048197,0.026516,0.050493,0.051588,0.037828,0.04369,0.040269,0.038664,0.040287
2014-06-18,0.12,0.0684,0.063095,0.060484,0.05203,0.04724,0.074299,0.043076,0.035961,0.040538,0.034141,0.04523,0.026885,0.047101,0.047988,0.036631,0.041526,0.03868,0.037335,0.039361
2014-06-19,0.12,0.068335,0.065019,0.060668,0.050858,0.040808,0.075644,0.043148,0.035469,0.040927,0.034904,0.045021,0.028624,0.046637,0.047401,0.03747,0.041793,0.039289,0.038096,0.03989
2014-06-20,0.12,0.064996,0.062242,0.051735,0.050259,0.041494,0.065467,0.043557,0.036725,0.041598,0.036215,0.045198,0.030472,0.046607,0.050147,0.038522,0.043002,0.040929,0.039082,0.051752
2014-06-23,0.111552,0.072896,0.064492,0.048093,0.046913,0.041341,0.056241,0.038375,0.039573,0.04141,0.037792,0.056416,0.033723,0.044636,0.046844,0.047142,0.042326,0.042667,0.03974,0.047828
2014-06-24,0.118528,0.066173,0.059265,0.049439,0.046127,0.040241,0.058218,0.037716,0.038739,0.040299,0.046777,0.061972,0.033703,0.046212,0.044866,0.045114,0.029264,0.047071,0.044589,0.045685
2014-06-25,0.12,0.060247,0.06057,0.040685,0.046274,0.041089,0.056669,0.038835,0.039751,0.03789,0.046841,0.059838,0.035212,0.051221,0.045171,0.045388,0.031138,0.047097,0.044927,0.051159
2014-06-26,0.12,0.049444,0.057477,0.044916,0.046139,0.041605,0.054175,0.039611,0.041681,0.03877,0.059485,0.043341,0.036373,0.050405,0.045181,0.04537,0.032681,0.058025,0.044968,0.050352
2014-06-27,0.12,0.048997,0.055859,0.044904,0.059287,0.042161,0.038033,0.040396,0.042228,0.039649,0.060021,0.044595,0.038412,0.050998,0.045298,0.045463,0.034169,0.056322,0.045113,0.048095
2014-06-30,0.109616,0.049119,0.048393,0.049498,0.055702,0.044483,0.04808,0.043245,0.04453,0.066291,0.043955,0.03767,0.037653,0.040766,0.04664,0.046752,0.038724,0.053848,0.046514,0.04852
2014-07-01,0.111711,0.06769,0.046188,0.049281,0.05215,0.042876,0.05763,0.041836,0.042915,0.060763,0.042433,0.037099,0.037084,0.03974,0.043338,0.044774,0.038001,0.051204,0.044576,0.048711
2014-07-02,0.104929,0.064816,0.044883,0.046883,0.065303,0.043555,0.057073,0.042634,0.04359,0.065186,0.035663,0.039535,0.038386,0.040769,0.043964,0.045229,0.041502,0.05319,0.032051,0.050859
2014-07-03,0.09384,0.052864,0.046381,0.040275,0.063512,0.045204,0.063249,0.043818,0.045737,0.063413,0.044625,0.041032,0.039992,0.042144,0.045005,0.047711,0.042803,0.053124,0.03418,0.051091
2014-07-07,0.077584,0.060043,0.047134,0.033086,0.065836,0.047609,0.057608,0.052035,0.045375,0.057609,0.046389,0.051947,0.044028,0.043964,0.044957,0.04649,0.040377,0.049449,0.038385,0.050094
2014-07-08,0.070942,0.060225,0.055833,0.034671,0.065252,0.04921,0.053843,0.053169,0.047193,0.058094,0.04811,0.05309,0.033802,0.046774,0.046814,0.046429,0.042634,0.050861,0.031617,0.051438
2014-07-09,0.06428,0.047984,0.059385,0.043894,0.06189,0.048411,0.05677,0.052493,0.056839,0.055936,0.044813,0.051717,0.03491,0.046318,0.046352,0.04602,0.042728,0.049822,0.039124,0.050314
2014-07-10,0.066692,0.049781,0.060313,0.040492,0.0596,0.048125,0.055981,0.05164,0.055342,0.054576,0.044997,0.050975,0.034015,0.052819,0.046339,0.04605,0.043168,0.049345,0.039981,0.049768
2014-07-11,0.063583,0.052989,0.058369,0.040944,0.057299,0.047566,0.058948,0.050576,0.053718,0.05307,0.044862,0.061152,0.034335,0.048308,0.046025,0.045775,0.043271,0.049757,0.040476,0.048976
2014-07-14,0.059592,0.049906,0.075583,0.042207,0.052548,0.046475,0.070012,0.048395,0.055606,0.049956,0.030937,0.054853,0.030629,0.047016,0.045476,0.045313,0.052289,0.047876,0.047951,0.047379
2014-07-15,0.070843,0.04156,0.078224,0.036903,0.063027,0.042233,0.062449,0.043748,0.059431,0.044974,0.039138,0.071406,0.029377,0.061057,0.041442,0.041312,0.04604,0.032969,0.042427,0.051442
2014-07-16,0.079072,0.043894,0.0606,0.036195,0.082253,0.040095,0.059187,0.041344,0.053982,0.04999,0.030045,0.087131,0.029144,0.061958,0.042144,0.039333,0.037261,0.035777,0.040255,0.050343
2014-07-17,0.080999,0.03193,0.071762,0.040317,0.07832,0.039467,0.061489,0.040535,0.05113,0.047822,0.0307,0.074829,0.029816,0.05399,0.044652,0.038813,0.03666,0.03216,0.053489,0.061119
2014-07-18,0.088687,0.027456,0.071419,0.045836,0.077547,0.039198,0.058789,0.04012,0.045563,0.04633,0.035624,0.092761,0.030707,0.051491,0.043644,0.03136,0.036759,0.032798,0.051105,0.052805
2014-07-21,0.095374,0.036125,0.056361,0.05245,0.063698,0.040101,0.05077,0.061858,0.044286,0.044777,0.03765,0.084458,0.034135,0.048008,0.043047,0.034612,0.038437,0.041489,0.043552,0.048813
2014-07-22,0.095405,0.036798,0.057627,0.051692,0.06395,0.038092,0.058343,0.05849,0.03983,0.044147,0.040321,0.076704,0.034858,0.046908,0.042659,0.026072,0.040067,0.046057,0.043094,0.058886
2014-07-23,0.101815,0.034574,0.053546,0.058471,0.059834,0.038113,0.05524,0.055361,0.040176,0.043335,0.040047,0.070097,0.03528,0.045685,0.042061,0.027398,0.039827,0.044963,0.057702,0.056475
2014-07-24,0.106783,0.042897,0.052993,0.061914,0.057557,0.038867,0.059506,0.057099,0.040692,0.041438,0.03336,0.066062,0.036339,0.049316,0.042349,0.02916,0.038219,0.044881,0.045833,0.054734
2014-07-25,0.12,0.045294,0.051199,0.058034,0.053923,0.038311,0.051893,0.053549,0.052375,0.042849,0.033911,0.060796,0.036133,0.047135,0.037259,0.029832,0.037754,0.053915,0.044224,0.051613
2014-07-28,0.12,0.046007,0.052486,0.065038,0.054774,0.033801,0.044158,0.054063,0.053278,0.046669,0.031784,0.041322,0.029316,0.034636,0.042557,0.036752,0.051365,0.061576,0.047652,0.052765
2014-07-29,0.12,0.04532,0.046173,0.061901,0.055113,0.036203,0.038011,0.045163,0.053801,0.047942,0.030483,0.043123,0.031983,0.036981,0.039356,0.03894,0.052114,0.061692,0.048819,0.066883
2014-07-30,0.12,0.044422,0.045148,0.058274,0.052669,0.036532,0.041889,0.044288,0.051576,0.046651,0.035847,0.042541,0.032796,0.04494,0.039287,0.038925,0.050166,0.057579,0.047393,0.069078
2014-07-31,0.114779,0.033528,0.045374,0.065187,0.051888,0.037736,0.045457,0.048099,0.050949,0.046686,0.037119,0.038709,0.034353,0.045192,0.046221,0.039878,0.049734,0.056074,0.047332,0.065705
2014-08-01,0.107168,0.029031,0.031394,0.040166,0.051796,0.039254,0.044558,0.048487,0.050979,0.047245,0.038695,0.040134,0.036172,0.045926,0.046835,0.063104,0.052605,0.055415,0.047813,0.083222
2014-08-04,0.112706,0.041884,0.045727,0.040091,0.0507,0.042225,0.049278,0.04854,0.050171,0.044323,0.041827,0.03581,0.040008,0.044804,0.039521,0.048058,0.051222,0.053011,0.048094,0.072001
2014-08-05,0.095785,0.043347,0.04679,0.041727,0.05119,0.043654,0.049937,0.049285,0.050724,0.045536,0.043296,0.03782,0.041651,0.045966,0.04121,0.048859,0.051647,0.053214,0.048891,0.069469
2014-08-06,0.088306,0.044282,0.047328,0.042837,0.05118,0.044555,0.050088,0.049518,0.050775,0.046223,0.044237,0.039324,0.04277,0.046602,0.042376,0.049145,0.051578,0.052938,0.049173,0.066764
2014-08-07,0.097756,0.043603,0.054397,0.042362,0.04946,0.043837,0.04854,0.048059,0.049119,0.037533,0.043565,0.039321,0.042305,0.045586,0.041965,0.047744,0.049795,0.064947,0.047768,0.062338
2014-08-08,0.090424,0.044225,0.053616,0.048688,0.049354,0.052217,0.056811,0.048135,0.049057,0.038814,0.038014,0.040419,0.043076,0.045971,0.049047,0.047859,0.046222,0.049804,0.04788,0.060368
2014-08-11,0.10461,0.045563,0.051735,0.040427,0.054139,0.050841,0.047654,0.039611,0.04879,0.041804,0.041234,0.048657,0.044779,0.046742,0.048783,0.048,0.045194,0.047476,0.048014,0.055947
2014-08-12,0.113502,0.045054,0.050323,0.039148,0.052352,0.054504,0.046849,0.039885,0.047819,0.0418,0.041303,0.047706,0.044378,0.046067,0.049706,0.047145,0.044736,0.046696,0.047157,0.053871
2014-08-13,0.106689,0.044797,0.050592,0.032085,0.054402,0.070307,0.047265,0.040288,0.047181,0.041967,0.041532,0.047083,0.044211,0.045672,0.048797,0.046601,0.044521,0.046215,0.046611,0.053183
2014-08-14,0.091147,0.042595,0.047354,0.031855,0.050444,0.061949,0.075959,0.0488,0.044562,0.047775,0.03988,0.059606,0.041749,0.046682,0.045888,0.044085,0.042361,0.04376,0.044093,0.049458
2014-08-15,0.094695,0.042236,0.046315,0.032797,0.048935,0.068595,0.069884,0.047544,0.043928,0.046673,0.040759,0.066542,0.040403,0.045213,0.045064,0.043519,0.042033,0.043239,0.043526,0.048101
2014-08-18,0.104386,0.042756,0.044846,0.037286,0.045988,0.065806,0.058176,0.047526,0.047523,0.044574,0.040762,0.056325,0.040528,0.059357,0.043554,0.042563,0.041599,0.042382,0.042568,0.051495
2014-08-19,0.11117,0.031018,0.049518,0.039766,0.045908,0.062715,0.056335,0.047242,0.04724,0.044677,0.041332,0.074918,0.041125,0.057329,0.043786,0.042917,0.033811,0.035612,0.042921,0.050659
2014-08-20,0.103892,0.031998,0.049599,0.056518,0.051242,0.062086,0.063736,0.0442,0.044198,0.042103,0.039345,0.066031,0.041026,0.05231,0.041371,0.040655,0.033033,0.049031,0.040659,0.046969
2014-08-21,0.113821,0.03272,0.047921,0.053691,0.0493,0.058523,0.059613,0.043346,0.043345,0.041551,0.039171,0.067829,0.046279,0.050019,0.040921,0.040304,0.03364,0.050696,0.040307,0.047004
2014-08-22,0.09999,0.03422,0.049068,0.052665,0.048895,0.056768,0.057687,0.043712,0.043711,0.042131,0.037512,0.085588,0.046276,0.049515,0.041575,0.041029,0.035056,0.053057,0.041032,0.040514
2014-08-25,0.088412,0.036888,0.050086,0.04604,0.075459,0.051513,0.061322,0.043355,0.043354,0.042314,0.039193,0.06754,0.045016,0.047071,0.041945,0.04158,0.035363,0.060728,0.041582,0.041235
2014-08-26,0.092592,0.037185,0.048106,0.047835,0.069336,0.049731,0.064704,0.0428,0.042799,0.041904,0.0392,0.062957,0.044224,0.045976,0.052625,0.04127,0.035843,0.057391,0.04255,0.040972
2014-08-27,0.088863,0.038417,0.04807,0.038438,0.066563,0.049481,0.064714,0.04342,0.043419,0.042627,0.040223,0.072575,0.044675,0.046212,0.051978,0.042066,0.037207,0.056053,0.043199,0.041801
2014-08-28,0.088282,0.039442,0.047941,0.031921,0.063645,0.049164,0.064649,0.043877,0.043877,0.043179,0.034371,0.079173,0.044979,0.046324,0.051317,0.042684,0.038359,0.060683,0.043684,0.04245
2014-08-29,0.085646,0.03564,0.047953,0.033655,0.073996,0.049015,0.06221,0.044394,0.044394,0.043779,0.035893,0.074213,0.045363,0.046541,0.050879,0.043341,0.036858,0.058874,0.044223,0.043134
2014-09-02,0.089509,0.038418,0.045557,0.050548,0.058447,0.046134,0.056091,0.043583,0.043583,0.043235,0.048382,0.059625,0.044127,0.045546,0.071479,0.037415,0.039167,0.051255,0.04503,0.042869
2014-09-03,0.070971,0.040213,0.047241,0.030327,0.057943,0.047159,0.056695,0.044881,0.044881,0.044569,0.050492,0.064026,0.045368,0.053993,0.07895,0.039298,0.040894,0.051684,0.046175,0.044239
2014-09-04,0.069944,0.046497,0.045672,0.030957,0.055421,0.046325,0.065402,0.044371,0.04437,0.044102,0.061923,0.060453,0.04479,0.052117,0.072549,0.039525,0.040015,0.048966,0.045482,0.041119
2014-09-05,0.066226,0.046038,0.045869,0.032485,0.05364,0.045889,0.061958,0.044199,0.044199,0.043966,0.059079,0.076447,0.044562,0.050845,0.067812,0.039966,0.042135,0.048159,0.045162,0.041365
2014-09-08,0.066671,0.066274,0.043719,0.057958,0.048475,0.043732,0.053312,0.042662,0.042662,0.042514,0.051664,0.07246,0.042893,0.046793,0.056584,0.04532,0.041337,0.045147,0.048986,0.040838
2014-09-09,0.070357,0.065059,0.042785,0.052756,0.046809,0.042796,0.056087,0.052437,0.043984,0.043712,0.050103,0.070836,0.042081,0.045393,0.053556,0.044146,0.040749,0.043999,0.045098,0.047255
2014-09-10,0.072649,0.06373,0.044983,0.052494,0.047304,0.043753,0.053188,0.052218,0.044808,0.044567,0.050189,0.067428,0.043116,0.046055,0.053187,0.044952,0.03707,0.044822,0.045795,0.047696
2014-09-11,0.080951,0.067268,0.04487,0.051326,0.046879,0.0438,0.059205,0.051091,0.044718,0.044508,0.049358,0.063825,0.043244,0.045799,0.043043,0.044843,0.03784,0.044642,0.045574,0.047217
2014-09-12,0.095342,0.062849,0.044628,0.051179,0.046362,0.0437,0.05681,0.049968,0.044496,0.044315,0.04849,0.06065,0.043217,0.046494,0.043041,0.044605,0.038475,0.044431,0.045237,0.045712
2014-09-15,0.113905,0.076301,0.038983,0.043071,0.054113,0.041249,0.053319,0.045064,0.041744,0.041631,0.050614,0.056498,0.040948,0.042971,0.040838,0.041811,0.043975,0.040043,0.042201,0.050721
2014-09-16,0.12,0.066498,0.044123,0.051385,0.050765,0.040081,0.051481,0.043288,0.040499,0.040404,0.047895,0.072717,0.039826,0.04045,0.039733,0.040555,0.042377,0.039058,0.040885,0.047982
2014-09-17,0.12,0.068258,0.041221,0.049931,0.049525,0.040317,0.051639,0.043112,0.040683,0.040599,0.047079,0.067717,0.040093,0.04064,0.048005,0.040732,0.038323,0.03942,0.045553,0.047154
2014-09-18,0.12,0.065025,0.041918,0.049531,0.04918,0.034655,0.051002,0.050068,0.041441,0.041367,0.047058,0.064576,0.040918,0.041403,0.047864,0.041485,0.03934,0.040319,0.045727,0.047123
2014-09-19,0.12,0.061292,0.047407,0.045362,0.048063,0.035438,0.04961,0.048818,0.048891,0.041343,0.046253,0.070535,0.040952,0.047815,0.046941,0.041446,0.039574,0.040995,0.032956,0.046309
2014-09-22,0.12,0.053072,0.06168,0.044421,0.048713,0.039138,0.048863,0.048347,0.048395,0.043327,0.046656,0.061634,0.043056,0.042816,0.047113,0.043397,0.039228,0.036145,0.037307,0.046693
2014-09-23,0.12,0.052112,0.059397,0.043267,0.051308,0.039975,0.048495,0.048049,0.04809,0.043675,0.046582,0.059358,0.043437,0.043226,0.046979,0.043737,0.040055,0.037301,0.038342,0.046615
2014-09-24,0.110657,0.051915,0.058179,0.044153,0.051216,0.041214,0.048764,0.048373,0.048409,0.044516,0.047085,0.058145,0.044305,0.044117,0.047434,0.044571,0.041286,0.038803,0.039745,0.047113
2014-09-25,0.100224,0.05186,0.057267,0.045041,0.051252,0.042419,0.049109,0.048766,0.048797,0.045363,0.047633,0.057238,0.045175,0.045009,0.047941,0.045412,0.042484,0.040251,0.0411,0.047659
2014-09-26,0.091849,0.051758,0.056425,0.04578,0.051229,0.043451,0.049359,0.049059,0.049086,0.046065,0.048066,0.0564,0.045899,0.045752,0.048335,0.046108,0.043509,0.041511,0.042272,0.048088
2014-09-29,0.067566,0.051642,0.054669,0.051384,0.051294,0.046013,0.05005,0.049849,0.049868,0.046223,0.049181,0.054653,0.047707,0.047606,0.049363,0.04785,0.046053,0.044647,0.045185,0.049196
2014-09-30,0.073067,0.047732,0.053033,0.064321,0.050171,0.045643,0.04911,0.048939,0.048954,0.045824,0.048367,0.051527,0.047102,0.047016,0.048523,0.047225,0.045678,0.044461,0.044927,0.04838
2014-10-01,0.068453,0.047753,0.052338,0.05999,0.050906,0.045929,0.048952,0.048803,0.048817,0.046088,0.048306,0.051043,0.047205,0.055195,0.048442,0.047312,0.045959,0.044892,0.045302,0.048317
2014-10-02,0.058153,0.059309,0.052183,0.058765,0.050937,0.046574,0.049231,0.049101,0.049113,0.046714,0.05822,0.046789,0.048147,0.035737,0.048784,0.047792,0.0541,0.045657,0.046019,0.048675
2014-10-03,0.051605,0.058043,0.051923,0.05108,0.050842,0.047029,0.049356,0.049242,0.059432,0.050636,0.055566,0.047218,0.048408,0.037345,0.048966,0.048098,0.053579,0.046222,0.046541,0.04887
2014-10-06,0.050125,0.056591,0.05258,0.052051,0.041883,0.049256,0.050851,0.050773,0.057481,0.051716,0.046519,0.049127,0.050204,0.049232,0.047462,0.049992,0.051726,0.043764,0.048918,0.049749
2014-10-07,0.038787,0.04305,0.030713,0.05534,0.044626,0.051391,0.047969,0.052767,0.06803,0.053619,0.051902,0.054855,0.052252,0.05137,0.049094,0.052059,0.051431,0.044466,0.054438,0.051839
2014-10-08,0.039907,0.053841,0.025221,0.066826,0.044628,0.050462,0.047524,0.051636,0.064419,0.052362,0.050569,0.056643,0.051197,0.036064,0.058781,0.051033,0.050497,0.044488,0.053057,0.050845
2014-10-09,0.041904,0.054386,0.028104,0.068352,0.046188,0.051403,0.048787,0.052442,0.063578,0.053083,0.047379,0.056842,0.052054,0.034829,0.058705,0.051908,0.04464,0.039978,0.053696,0.051742
2014-10-10,0.048339,0.053964,0.031453,0.062379,0.046809,0.051378,0.051307,0.052281,0.061822,0.052837,0.047858,0.056079,0.051944,0.036611,0.057676,0.051817,0.043882,0.036527,0.053367,0.051672
2014-10-13,0.057756,0.05123,0.035879,0.060152,0.046641,0.049597,0.058587,0.05017,0.056037,0.050521,0.047328,0.052546,0.049956,0.047199,0.053528,0.049876,0.039146,0.036911,0.050856,0.056084
2014-10-14,0.056256,0.051234,0.037575,0.062711,0.038136,0.049809,0.047958,0.05031,0.055394,0.050616,0.045364,0.057606,0.039758,0.059916,0.053229,0.050053,0.051984,0.03575,0.050908,0.055435
2014-10-15,0.056711,0.050196,0.038322,0.051356,0.049132,0.048979,0.052946,0.044103,0.053727,0.049669,0.045151,0.056581,0.040253,0.072819,0.040736,0.038612,0.053474,0.033165,0.049918,0.074149
2014-10-16,0.059124,0.052029,0.032632,0.047012,0.051068,0.050928,0.058149,0.030728,0.0552,0.051553,0.047446,0.054163,0.042622,0.068639,0.04338,0.041404,0.056575,0.032499,0.051778,0.073071
2014-10-17,0.06112,0.050721,0.029551,0.056543,0.049904,0.049786,0.055877,0.032069,0.053402,0.050317,0.046808,0.052527,0.042637,0.067345,0.043297,0.041574,0.050369,0.031641,0.050508,0.084005
2014-10-20,0.062607,0.051215,0.037781,0.055658,0.050433,0.050354,0.059277,0.037671,0.052738,0.050707,0.037898,0.041874,0.045459,0.066186,0.045922,0.049431,0.049774,0.033071,0.050834,0.07111
2014-10-21,0.085892,0.046615,0.039806,0.071555,0.045995,0.045932,0.062708,0.035678,0.063492,0.046213,0.04187,0.03912,0.04202,0.058275,0.043402,0.045199,0.045472,0.032096,0.046629,0.062031
2014-10-22,0.10723,0.045031,0.036591,0.068197,0.044509,0.044456,0.053641,0.03568,0.066759,0.044693,0.034809,0.030859,0.041141,0.046453,0.042317,0.043838,0.044068,0.03254,0.079441,0.057747
2014-10-23,0.104553,0.045053,0.037606,0.075135,0.044598,0.044552,0.052465,0.036789,0.063473,0.044758,0.036007,0.032422,0.041645,0.046289,0.04268,0.044012,0.044213,0.033954,0.073849,0.055945
2014-10-24,0.094973,0.052266,0.039166,0.077204,0.045434,0.045393,0.0475,0.038425,0.061775,0.045576,0.037712,0.034422,0.042804,0.04693,0.041975,0.043113,0.04437,0.035137,0.070479,0.055346
2014-10-27,0.081791,0.050995,0.041219,0.066852,0.047251,0.047223,0.048472,0.042305,0.057868,0.047348,0.042113,0.040699,0.045783,0.060513,0.044845,0.038309,0.046517,0.039881,0.056196,0.053821
2014-10-28,0.092638,0.050654,0.042087,0.072057,0.036562,0.047375,0.04332,0.049192,0.054428,0.047485,0.037782,0.04175,0.046115,0.05791,0.045292,0.039488,0.046759,0.040895,0.055122,0.053089
2014-10-29,0.082943,0.04895,0.042613,0.066388,0.036855,0.04618,0.042719,0.047718,0.061333,0.046273,0.037924,0.041368,0.045109,0.067216,0.044407,0.03941,0.045657,0.04063,0.052688,0.06362
2014-10-30,0.093187,0.045569,0.041445,0.080375,0.043564,0.044449,0.047167,0.044054,0.056905,0.044527,0.03744,0.040389,0.04355,0.051959,0.04296,0.03406,0.060035,0.039761,0.049855,0.058748
2014-10-31,0.093103,0.043552,0.048425,0.082925,0.041879,0.042619,0.044206,0.041838,0.052844,0.042684,0.036704,0.039209,0.041868,0.050617,0.068216,0.033838,0.055366,0.038677,0.047098,0.054331
2014-11-03,0.077281,0.049987,0.057598,0.080351,0.04324,0.043743,0.04541,0.043212,0.050411,0.043787,0.039637,0.046035,0.043232,0.055408,0.05512,0.034468,0.051985,0.04103,0.046723,0.051342
2014-11-04,0.080427,0.051979,0.058804,0.078835,0.045815,0.046278,0.047809,0.045789,0.052362,0.046318,0.042472,0.048382,0.045808,0.056853,0.031423,0.020881,0.053783,0.043769,0.049011,0.053203
2014-11-05,0.075456,0.05092,0.056693,0.073175,0.045621,0.045959,0.048233,0.045598,0.051246,0.046057,0.042709,0.047838,0.045614,0.072369,0.032855,0.023018,0.052455,0.043842,0.04838,0.051962
2014-11-06,0.067864,0.051251,0.054889,0.066807,0.045429,0.054849,0.05013,0.04541,0.050269,0.045807,0.042895,0.049272,0.054187,0.067887,0.034137,0.025044,0.051299,0.043883,0.047812,0.05088
2014-11-07,0.079347,0.04906,0.052078,0.053221,0.044172,0.063931,0.055006,0.044155,0.048241,0.057151,0.035399,0.056441,0.051498,0.062663,0.034443,0.026302,0.0491,0.04286,0.046181,0.048751
2014-11-10,0.098627,0.05214,0.049437,0.043122,0.044347,0.056599,0.051253,0.044336,0.047002,0.052563,0.042031,0.060453,0.049072,0.055855,0.037635,0.031501,0.047553,0.043474,0.045669,0.047329
2014-11-11,0.090612,0.052023,0.049667,0.044096,0.045185,0.055875,0.051252,0.045175,0.047531,0.05239,0.043123,0.059174,0.049348,0.055235,0.039169,0.033549,0.048015,0.044409,0.046354,0.047818
2014-11-12,0.084096,0.051878,0.049827,0.044924,0.045888,0.055206,0.051208,0.04588,0.047956,0.052197,0.04406,0.058033,0.049548,0.054656,0.040521,0.03541,0.048381,0.045202,0.046921,0.048208
2014-11-13,0.078759,0.051721,0.049936,0.04563,0.046482,0.054598,0.051139,0.046474,0.048299,0.051997,0.044865,0.057023,0.049692,0.054123,0.041711,0.037092,0.048672,0.045876,0.047391,0.048521
2014-11-14,0.074356,0.051561,0.050008,0.046233,0.046983,0.054049,0.051056,0.046977,0.048579,0.051801,0.045558,0.056134,0.049796,0.05364,0.042757,0.038604,0.048905,0.04645,0.047782,0.048773
2014-11-17,0.065087,0.051121,0.0501,0.047572,0.04808,0.052735,0.05079,0.048075,0.04915,0.051278,0.047112,0.054069,0.04996,0.052472,0.04518,0.042235,0.049368,0.047719,0.048617,0.04928
2014-11-18,0.062928,0.050995,0.050107,0.047898,0.048343,0.052394,0.050707,0.048339,0.049279,0.051131,0.047496,0.053545,0.049985,0.052166,0.045796,0.043185,0.049469,0.048027,0.048814,0.049392
2014-11-19,0.060628,0.050487,0.049721,0.047807,0.048193,0.05169,0.050239,0.04819,0.049005,0.050604,0.047457,0.052678,0.049615,0.051494,0.045975,0.043685,0.05309,0.05174,0.048601,0.049102
2014-11-20,0.059148,0.050435,0.049769,0.048097,0.048435,0.051481,0.05022,0.048432,0.049144,0.050537,0.04779,0.052336,0.049677,0.051311,0.046488,0.044466,0.052692,0.051524,0.048792,0.049229
2014-11-21,0.057886,0.050388,0.049807,0.048348,0.048643,0.051296,0.0502,0.048641,0.049263,0.050476,0.048079,0.052037,0.049727,0.051148,0.046937,0.045154,0.052345,0.051333,0.048955,0.049337
2014-11-24,0.0771,0.047602,0.049925,0.046322,0.046509,0.048167,0.058843,0.046634,0.046899,0.047658,0.051205,0.048625,0.04719,0.048075,0.045426,0.053166,0.048814,0.04819,0.046705,0.046945
2014-11-25,0.091402,0.049771,0.054893,0.052203,0.047445,0.048914,0.05488,0.041169,0.047791,0.048464,0.051589,0.049318,0.046909,0.050338,0.036892,0.034152,0.049486,0.048934,0.047619,0.047832
2014-11-26,0.096283,0.055518,0.051836,0.057056,0.058895,0.046884,0.051825,0.040351,0.045946,0.046508,0.052388,0.047222,0.045207,0.053787,0.036676,0.034293,0.040642,0.046901,0.045802,0.04598
2014-11-28,0.074356,0.055473,0.051545,0.056019,0.058013,0.055005,0.044809,0.041937,0.048062,0.048507,0.053087,0.04907,0.047475,0.056507,0.036856,0.034632,0.043796,0.048817,0.047948,0.048089
2014-12-01,0.082308,0.051155,0.067141,0.058253,0.081188,0.05087,0.037918,0.042534,0.046537,0.046821,0.049693,0.047178,0.047198,0.051782,0.027324,0.028295,0.043769,0.047018,0.046464,0.046554
2014-12-02,0.07336,0.048732,0.063257,0.058661,0.081417,0.04904,0.047074,0.061838,0.045383,0.045624,0.042543,0.055319,0.045944,0.049804,0.026095,0.026377,0.043023,0.045791,0.045321,0.045398
2014-12-03,0.080565,0.04716,0.07448,0.052151,0.073727,0.04742,0.043385,0.066085,0.044326,0.044531,0.041725,0.052664,0.044803,0.050588,0.02738,0.025593,0.042313,0.052492,0.044273,0.044339
2014-12-04,0.089928,0.063081,0.074946,0.051515,0.069637,0.047422,0.050493,0.063309,0.045672,0.054826,0.02782,0.034946,0.043739,0.031256,0.034264,0.032994,0.042944,0.051809,0.044671,0.044728
2014-12-05,0.096144,0.06343,0.055263,0.053312,0.066962,0.053166,0.057855,0.056978,0.046383,0.054378,0.030125,0.029965,0.044669,0.03334,0.033984,0.034948,0.046292,0.051763,0.045496,0.045547
2014-12-08,0.085817,0.071006,0.047926,0.060715,0.048679,0.048108,0.052378,0.050356,0.043965,0.050666,0.045284,0.049144,0.042887,0.058902,0.034072,0.032071,0.043908,0.047266,0.043409,0.043441
2014-12-09,0.074088,0.065526,0.046523,0.053785,0.047172,0.04669,0.056666,0.048584,0.04317,0.048844,0.057217,0.067603,0.045299,0.070152,0.025606,0.023859,0.043121,0.045978,0.047397,0.042721
2014-12-10,0.078461,0.066233,0.045996,0.050079,0.046477,0.046063,0.063209,0.047686,0.043025,0.047908,0.054983,0.066142,0.053103,0.065747,0.027305,0.019844,0.042982,0.045451,0.04667,0.042635
2014-12-11,0.072795,0.071007,0.053741,0.049563,0.042262,0.046085,0.060701,0.051726,0.043427,0.047688,0.053763,0.045008,0.052159,0.062817,0.027183,0.025518,0.04339,0.045552,0.046613,0.059004
2014-12-12,0.100483,0.065809,0.051636,0.048124,0.04189,0.04517,0.057412,0.049947,0.042893,0.046535,0.051655,0.04425,0.050311,0.05915,0.028528,0.027,0.042861,0.044715,0.04562,0.056011
2014-12-15,0.094244,0.063833,0.048255,0.04335,0.042034,0.044178,0.075172,0.047207,0.042696,0.045054,0.048266,0.043582,0.047434,0.05278,0.038841,0.03146,0.042675,0.04734,0.044468,0.057133
2014-12-16,0.099529,0.051983,0.046819,0.044436,0.041519,0.042321,0.068868,0.043753,0.052605,0.044104,0.046829,0.036791,0.046125,0.050619,0.038759,0.032262,0.042069,0.046045,0.043604,0.080962
2014-12-17,0.09185,0.034233,0.038922,0.048486,0.044444,0.045191,0.069045,0.046518,0.056474,0.046843,0.045812,0.030588,0.043873,0.04823,0.041861,0.035681,0.044956,0.038687,0.057805,0.090499
2014-12-18,0.0879,0.036618,0.043675,0.051463,0.04596,0.046632,0.067443,0.047822,0.056618,0.048113,0.040746,0.032495,0.039224,0.043438,0.04734,0.038903,0.046421,0.040732,0.057777,0.080681
2014-12-19,0.087944,0.037366,0.043561,0.051139,0.045539,0.046118,0.063589,0.047142,0.054605,0.047391,0.041008,0.033675,0.03967,0.044591,0.046727,0.039388,0.045937,0.040995,0.055578,0.088038
2014-12-22,0.069922,0.041174,0.050706,0.064157,0.046914,0.047307,0.058475,0.047997,0.052884,0.048164,0.04378,0.038444,0.042832,0.046267,0.041654,0.042631,0.046813,0.043771,0.053504,0.072605
2014-12-23,0.070299,0.040615,0.049391,0.061886,0.045502,0.045833,0.05512,0.046415,0.050503,0.055915,0.046141,0.047584,0.042207,0.052609,0.041026,0.041863,0.045417,0.042836,0.052289,0.066549
2014-12-24,0.07417,0.044522,0.060128,0.070759,0.043808,0.044086,0.057626,0.044572,0.047971,0.055212,0.044343,0.045548,0.041033,0.049708,0.040032,0.040742,0.043737,0.041565,0.049445,0.060995
2014-12-26,0.080057,0.045112,0.056872,0.064632,0.050031,0.045157,0.05532,0.045534,0.048142,0.053554,0.045357,0.046287,0.042767,0.049457,0.034103,0.042536,0.044886,0.043186,0.049258,0.057753
2014-12-29,0.079449,0.044506,0.051855,0.056686,0.060141,0.055239,0.059861,0.04478,0.046456,0.049838,0.044867,0.045486,0.042965,0.047518,0.040392,0.042812,0.044358,0.043243,0.047164,0.052384
2014-12-30,0.089702,0.047438,0.051476,0.058549,0.058567,0.054389,0.05833,0.045305,0.046777,0.049729,0.045382,0.045926,0.043702,0.047707,0.0315,0.043567,0.044933,0.043948,0.047397,0.045676
2014-12-31,0.090324,0.050749,0.047079,0.054606,0.050863,0.046438,0.058185,0.046695,0.048014,0.050641,0.046765,0.048945,0.045254,0.048844,0.034031,0.045132,0.046362,0.045476,0.048568,0.047029
2015-01-02,0.077887,0.048264,0.06502,0.053857,0.045532,0.045123,0.062825,0.045313,0.046279,0.048186,0.045364,0.046958,0.044249,0.046884,0.035652,0.044159,0.061794,0.044413,0.046683,0.045558
2015-01-05,0.078467,0.048889,0.067011,0.057697,0.047517,0.047521,0.05432,0.046896,0.047553,0.048837,0.057397,0.048012,0.046167,0.036475,0.041606,0.028968,0.057546,0.046279,0.045777,0.047063
2015-01-06,0.093689,0.045812,0.0632,0.056709,0.051569,0.044694,0.050211,0.044181,0.056294,0.045769,0.056043,0.047911,0.043583,0.044707,0.024284,0.029048,0.071039,0.043675,0.043263,0.044318
2015-01-07,0.084367,0.045565,0.058123,0.059646,0.050512,0.044596,0.048752,0.04415,0.074932,0.045528,0.054306,0.047378,0.043629,0.044607,0.026222,0.030647,0.066756,0.042666,0.04335,0.044269
2015-01-08,0.097619,0.051239,0.051699,0.0663,0.059638,0.043116,0.048044,0.042741,0.067738,0.0439,0.051182,0.045448,0.042301,0.043126,0.027156,0.031104,0.061257,0.041487,0.042065,0.042841
2015-01-09,0.094765,0.051386,0.051787,0.064309,0.058646,0.044217,0.048585,0.043882,0.065522,0.044916,0.036261,0.046292,0.043488,0.037462,0.034138,0.033275,0.060029,0.042759,0.043277,0.055001
2015-01-12,0.083954,0.04996,0.046134,0.058596,0.063184,0.045245,0.061958,0.045018,0.058648,0.045715,0.039695,0.046635,0.044752,0.040557,0.037016,0.036462,0.055356,0.044255,0.044608,0.052252
2015-01-13,0.095908,0.069454,0.045812,0.052302,0.055842,0.041754,0.065547,0.041572,0.051527,0.042132,0.047014,0.042868,0.041357,0.048345,0.035615,0.035065,0.049769,0.047851,0.041242,0.049025
2015-01-14,0.098186,0.064901,0.044447,0.05511,0.053676,0.041673,0.076888,0.041515,0.050047,0.042001,0.039224,0.04264,0.045958,0.047345,0.039817,0.03194,0.048556,0.046923,0.041228,0.047924
2015-01-15,0.0899,0.069047,0.047699,0.057657,0.057571,0.043874,0.077375,0.043729,0.051456,0.047181,0.029729,0.034038,0.036702,0.052453,0.037009,0.030691,0.048467,0.048649,0.047223,0.049551
2015-01-16,0.088137,0.050305,0.052106,0.058012,0.056767,0.043418,0.072024,0.043293,0.049881,0.052988,0.03094,0.039055,0.037169,0.050721,0.03744,0.037768,0.057454,0.052992,0.046289,0.043243
2015-01-20,0.101058,0.045851,0.048294,0.037874,0.052314,0.044848,0.060616,0.044774,0.053401,0.050284,0.036917,0.046669,0.041019,0.042093,0.041191,0.041398,0.062214,0.050286,0.046529,0.05237
2015-01-21,0.083538,0.047577,0.043866,0.040284,0.053365,0.04667,0.061088,0.046603,0.054329,0.051558,0.039397,0.048315,0.043182,0.044164,0.043339,0.043528,0.056033,0.05156,0.048189,0.053415
2015-01-22,0.077856,0.047693,0.046113,0.040754,0.052706,0.046901,0.059109,0.046842,0.053534,0.051149,0.040469,0.048337,0.043833,0.0447,0.041545,0.042102,0.054992,0.05115,0.048226,0.061991
2015-01-23,0.089133,0.043324,0.057174,0.047373,0.057245,0.042696,0.074595,0.04265,0.047907,0.046044,0.02904,0.043832,0.040255,0.040947,0.031489,0.038867,0.055298,0.046045,0.043745,0.082344
2015-01-26,0.088735,0.050971,0.052527,0.043693,0.052377,0.043164,0.090109,0.043133,0.046572,0.047007,0.033472,0.043918,0.04152,0.041989,0.027646,0.037251,0.051195,0.045369,0.052775,0.066576
2015-01-27,0.096242,0.041701,0.053562,0.037173,0.055393,0.0436,0.088458,0.043572,0.046581,0.04696,0.034942,0.045778,0.04215,0.042565,0.029583,0.038352,0.050582,0.046302,0.051938,0.064566
2015-01-28,0.117717,0.043572,0.04604,0.038979,0.04853,0.032255,0.077029,0.041585,0.055884,0.041332,0.034315,0.057823,0.040401,0.040747,0.031825,0.033983,0.047352,0.047069,0.056057,0.067506
2015-01-29,0.12,0.050145,0.047507,0.045825,0.044781,0.045802,0.070295,0.042091,0.053823,0.041878,0.026454,0.041501,0.030046,0.030691,0.033693,0.035584,0.046893,0.04666,0.083346,0.062985
2015-01-30,0.12,0.053072,0.043945,0.053387,0.043412,0.044151,0.077029,0.041445,0.049345,0.041288,0.029277,0.039945,0.032204,0.03272,0.035087,0.032054,0.044935,0.044768,0.085898,0.056037
2015-02-02,0.112013,0.051605,0.049635,0.052416,0.043915,0.044514,0.088116,0.04231,0.048673,0.042181,0.032006,0.031795,0.034551,0.03778,0.034033,0.034421,0.045149,0.045014,0.075965,0.053907
2015-02-03,0.113908,0.045914,0.042566,0.053141,0.042407,0.042911,0.109254,0.041055,0.04638,0.052493,0.03012,0.030192,0.032195,0.037528,0.039834,0.034304,0.043442,0.043329,0.068333,0.050693
2015-02-04,0.12,0.045063,0.047611,0.059251,0.042071,0.042488,0.092758,0.040947,0.045339,0.059108,0.028928,0.031675,0.033421,0.037986,0.038551,0.037534,0.042927,0.042834,0.062673,0.048836
2015-02-05,0.12,0.046975,0.049668,0.055229,0.04458,0.044916,0.093872,0.04367,0.047195,0.057761,0.025945,0.029867,0.03013,0.034375,0.036815,0.040868,0.045269,0.050333,0.052591,0.049943
2015-02-06,0.115314,0.047658,0.05323,0.04965,0.043542,0.043851,0.097775,0.042703,0.045947,0.055594,0.026131,0.029841,0.03009,0.034073,0.03635,0.040114,0.044177,0.062536,0.050888,0.050535
2015-02-09,0.092441,0.065527,0.04983,0.052438,0.043076,0.043298,0.102676,0.042473,0.046723,0.051424,0.02684,0.033911,0.035424,0.036061,0.038757,0.04059,0.043531,0.058762,0.048231,0.047988
2015-02-10,0.104094,0.057373,0.04836,0.050556,0.049651,0.042792,0.090746,0.042081,0.045724,0.049705,0.030757,0.034592,0.035932,0.036493,0.038858,0.040453,0.0522,0.055825,0.047006,0.0468
2015-02-11,0.10535,0.05268,0.053377,0.050812,0.046452,0.045076,0.078522,0.044693,0.071536,0.046495,0.030616,0.033913,0.035054,0.03553,0.037526,0.038863,0.048521,0.051441,0.04429,0.049255
2015-02-12,0.110348,0.049674,0.050245,0.042569,0.04452,0.076226,0.070313,0.043049,0.064834,0.044556,0.031327,0.03546,0.035293,0.035255,0.036973,0.038117,0.045652,0.05537,0.042711,0.047506
2015-02-13,0.110613,0.057122,0.051827,0.039744,0.041986,0.087695,0.067414,0.040776,0.05824,0.042016,0.030067,0.04716,0.031911,0.042432,0.035717,0.036677,0.042914,0.050764,0.040497,0.044427
2015-02-17,0.112675,0.069156,0.051922,0.042161,0.042631,0.066795,0.059747,0.041151,0.050501,0.041866,0.034546,0.046859,0.035747,0.046977,0.038723,0.038722,0.042377,0.04667,0.04355,0.047223
2015-02-18,0.12,0.066455,0.049953,0.043195,0.043614,0.064476,0.056522,0.036337,0.050545,0.042931,0.038428,0.047357,0.037415,0.04746,0.042003,0.040111,0.031141,0.04719,0.047191,0.047676
2015-02-19,0.12,0.060562,0.047825,0.047038,0.042496,0.059723,0.069324,0.037545,0.048318,0.041917,0.038062,0.045979,0.037186,0.052701,0.043169,0.039509,0.031695,0.045514,0.045515,0.045922
2015-02-20,0.12,0.056376,0.045901,0.050738,0.041415,0.065395,0.063413,0.044603,0.049938,0.040923,0.036216,0.044355,0.036872,0.050427,0.047492,0.038869,0.030732,0.041206,0.050824,0.044306
2015-02-23,0.12,0.058457,0.048023,0.052313,0.041258,0.071898,0.062379,0.040725,0.05152,0.034816,0.036602,0.052892,0.038214,0.046981,0.037969,0.034147,0.033887,0.04112,0.053661,0.043137
2015-02-24,0.12,0.059519,0.047158,0.049539,0.045434,0.085262,0.05877,0.041051,0.050033,0.035976,0.035483,0.051152,0.038909,0.046229,0.0387,0.025369,0.035167,0.041386,0.051777,0.043087
2015-02-25,0.12,0.059752,0.044489,0.044763,0.046854,0.08259,0.059262,0.042763,0.051104,0.037972,0.035326,0.040805,0.040749,0.047084,0.043011,0.027723,0.035302,0.043077,0.052705,0.044668
2015-02-26,0.12,0.059109,0.050091,0.034082,0.052393,0.075105,0.055961,0.042091,0.049154,0.037955,0.040468,0.040408,0.04036,0.051492,0.042304,0.02616,0.036459,0.04236,0.050492,0.053558
2015-02-27,0.116769,0.059015,0.05138,0.036344,0.053132,0.072696,0.055158,0.043912,0.056298,0.040131,0.042434,0.031412,0.042336,0.038844,0.044105,0.027518,0.03875,0.044156,0.05145,0.054159
2015-03-02,0.109224,0.052743,0.054908,0.031229,0.057972,0.06052,0.065138,0.043397,0.061112,0.040894,0.042428,0.032703,0.042363,0.040025,0.043523,0.031882,0.041725,0.043556,0.048179,0.056479
2015-03-03,0.098146,0.060065,0.052328,0.02877,0.05946,0.058145,0.061051,0.04287,0.057753,0.040709,0.049595,0.038158,0.047456,0.044302,0.042978,0.032778,0.040813,0.043007,0.047848,0.053767
2015-03-04,0.094458,0.058944,0.052276,0.027885,0.058426,0.0573,0.059785,0.039437,0.056963,0.042012,0.051865,0.039711,0.048012,0.046638,0.033662,0.034789,0.044917,0.044069,0.048358,0.060491
2015-03-05,0.08375,0.057664,0.051941,0.030055,0.062179,0.057169,0.059402,0.04064,0.055973,0.042941,0.051586,0.044724,0.048233,0.048486,0.031024,0.036438,0.045515,0.044766,0.048535,0.058979
2015-03-06,0.078858,0.056699,0.052019,0.032417,0.060545,0.056276,0.058185,0.041812,0.055249,0.043866,0.05146,0.045992,0.048536,0.048757,0.033054,0.038022,0.046145,0.045484,0.0488,0.057823
2015-03-09,0.071183,0.067478,0.050224,0.036762,0.055514,0.052899,0.06058,0.043484,0.052261,0.044881,0.049867,0.046305,0.047979,0.048123,0.037238,0.040841,0.046407,0.045967,0.048152,0.053855
2015-03-10,0.070363,0.064733,0.050583,0.033703,0.054618,0.053201,0.058933,0.044157,0.044483,0.04539,0.049749,0.046641,0.048105,0.048231,0.041194,0.051391,0.04673,0.046344,0.048256,0.053195
2015-03-11,0.070838,0.051224,0.045027,0.028706,0.043571,0.054094,0.059134,0.045994,0.047552,0.057174,0.051025,0.048238,0.049555,0.049667,0.044691,0.052489,0.048319,0.048922,0.04969,0.054089
2015-03-12,0.075536,0.050426,0.045071,0.040976,0.027796,0.052877,0.060671,0.045913,0.047264,0.063404,0.050256,0.04393,0.048992,0.052248,0.044778,0.051508,0.047927,0.048447,0.049108,0.052872
2015-03-13,0.078326,0.047689,0.052711,0.042095,0.028949,0.052068,0.058689,0.046045,0.047221,0.066627,0.049813,0.044308,0.048721,0.049142,0.039769,0.050892,0.047798,0.04825,0.048822,0.052064
2015-03-16,0.074505,0.047295,0.050593,0.038868,0.021756,0.050117,0.054235,0.046212,0.047761,0.071683,0.048498,0.044905,0.047968,0.048037,0.041954,0.051274,0.068532,0.04766,0.048033,0.050114
2015-03-17,0.071231,0.051484,0.036611,0.068058,0.020775,0.052823,0.063139,0.047599,0.048985,0.069756,0.049642,0.046425,0.049169,0.038182,0.033559,0.036281,0.067079,0.048895,0.049228,0.051079
2015-03-18,0.076312,0.050609,0.034683,0.061651,0.022494,0.050686,0.06286,0.061326,0.04861,0.064567,0.051078,0.036865,0.053776,0.034179,0.034149,0.035391,0.062405,0.047389,0.047669,0.0633
2015-03-19,0.075511,0.038233,0.037218,0.060901,0.019704,0.049632,0.069066,0.058588,0.047858,0.061274,0.049966,0.04882,0.052256,0.03522,0.036043,0.037896,0.059484,0.055052,0.04705,0.060226
2015-03-20,0.077518,0.046129,0.037337,0.062429,0.020897,0.04797,0.069224,0.086127,0.046473,0.057628,0.044721,0.047285,0.034627,0.036182,0.036308,0.037928,0.056159,0.052499,0.04579,0.056769
2015-03-23,0.084269,0.035712,0.041701,0.044387,0.024735,0.05975,0.082409,0.068845,0.049934,0.054236,0.038613,0.038101,0.038756,0.039895,0.036187,0.03581,0.05332,0.073038,0.046602,0.053701
2015-03-24,0.099728,0.0315,0.044994,0.048646,0.026394,0.056879,0.066506,0.064346,0.049699,0.052281,0.038895,0.038445,0.056577,0.040017,0.037669,0.036425,0.045608,0.067745,0.045813,0.051832
2015-03-25,0.10627,0.032754,0.04456,0.045313,0.030601,0.053772,0.077056,0.059867,0.047812,0.049967,0.038624,0.038235,0.053523,0.039593,0.045622,0.03648,0.044367,0.062611,0.04454,0.048431
2015-03-26,0.095409,0.042643,0.050178,0.049318,0.024647,0.052513,0.085787,0.057658,0.047408,0.049263,0.03937,0.042086,0.052301,0.040228,0.045511,0.037461,0.042056,0.059952,0.040593,0.045618
2015-03-27,0.093195,0.042155,0.04857,0.047844,0.032383,0.050531,0.070035,0.054815,0.046227,0.047798,0.039324,0.050129,0.050354,0.040069,0.057532,0.042009,0.04523,0.056709,0.040385,0.044704
2015-03-30,0.083507,0.077991,0.046506,0.061129,0.040742,0.045423,0.089222,0.047928,0.04723,0.050177,0.020858,0.026698,0.050348,0.040974,0.053533,0.040212,0.047437,0.049014,0.039179,0.041895
2015-03-31,0.077788,0.071018,0.045279,0.056885,0.040353,0.04436,0.08681,0.046482,0.045892,0.048375,0.021424,0.02793,0.060589,0.052503,0.054293,0.043613,0.048663,0.047398,0.039002,0.041345
2015-04-01,0.079628,0.061785,0.047418,0.054055,0.04027,0.043729,0.074853,0.045545,0.045041,0.047155,0.024695,0.029232,0.057365,0.053923,0.063999,0.048798,0.052392,0.053837,0.029368,0.046913
2015-04-02,0.086807,0.058587,0.048023,0.057809,0.040361,0.04888,0.073128,0.044927,0.044494,0.046306,0.025083,0.027721,0.054615,0.050287,0.063334,0.048506,0.050752,0.053618,0.030662,0.046099
2015-04-06,0.070496,0.051396,0.050374,0.062052,0.047898,0.047848,0.063834,0.041707,0.041475,0.050077,0.029842,0.031606,0.046657,0.045646,0.089986,0.043584,0.045895,0.063809,0.033491,0.042328
2015-04-07,0.070599,0.051455,0.054892,0.058274,0.04789,0.047847,0.078659,0.042454,0.043716,0.049782,0.031722,0.028874,0.046808,0.045925,0.071296,0.044113,0.046143,0.061473,0.035073,0.043004
2015-04-08,0.059315,0.05047,0.055893,0.055578,0.064578,0.047375,0.089558,0.042691,0.043793,0.049038,0.033125,0.03052,0.046478,0.03626,0.06704,0.044139,0.045902,0.058924,0.036151,0.043172
2015-04-09,0.061348,0.051452,0.056232,0.055956,0.063766,0.048694,0.092095,0.044475,0.045473,0.050224,0.035661,0.033207,0.04789,0.040376,0.049103,0.034406,0.047373,0.058878,0.038481,0.044911
2015-04-10,0.062706,0.050236,0.056603,0.048002,0.06339,0.047884,0.088947,0.044251,0.045114,0.049191,0.035758,0.034314,0.047195,0.041448,0.050112,0.035389,0.046751,0.056492,0.039012,0.057206
2015-04-13,0.085028,0.044113,0.093107,0.048651,0.049373,0.042739,0.070716,0.040571,0.044194,0.043505,0.042349,0.034506,0.042332,0.038857,0.044041,0.03501,0.046957,0.053202,0.037335,0.063414
2015-04-14,0.082526,0.043371,0.077867,0.046103,0.04784,0.042193,0.071578,0.040323,0.043441,0.042851,0.067877,0.035022,0.036841,0.038836,0.042148,0.033605,0.047472,0.051054,0.037508,0.071543
2015-04-15,0.090358,0.040698,0.086892,0.04341,0.06609,0.036899,0.075901,0.038197,0.040755,0.045355,0.064196,0.030585,0.035308,0.036967,0.039697,0.032592,0.049945,0.047369,0.035864,0.062922
2015-04-16,0.08016,0.040147,0.0777,0.044448,0.066905,0.036864,0.075873,0.03799,0.040196,0.052716,0.059699,0.033403,0.035477,0.045493,0.039286,0.033089,0.04798,0.045819,0.045434,0.06132
2015-04-17,0.086238,0.038962,0.07105,0.047648,0.07202,0.037125,0.076206,0.03811,0.040029,0.050687,0.056229,0.033073,0.035906,0.044585,0.03924,0.033792,0.046699,0.044862,0.044534,0.063005
2015-04-20,0.094832,0.044479,0.066747,0.04711,0.069553,0.04446,0.10296,0.035216,0.039329,0.045957,0.046729,0.034675,0.036607,0.038621,0.038816,0.035171,0.043538,0.042401,0.042196,0.050601
2015-04-21,0.073252,0.038758,0.074948,0.04544,0.077216,0.043207,0.091544,0.035271,0.038832,0.04447,0.04512,0.0348,0.039803,0.047179,0.03839,0.035232,0.042426,0.041459,0.049331,0.06332
2015-04-22,0.070313,0.044064,0.070239,0.046532,0.072085,0.043484,0.083599,0.036443,0.053388,0.044589,0.047801,0.036018,0.040487,0.046945,0.040247,0.036408,0.042799,0.041949,0.038734,0.063875
2015-04-23,0.089617,0.037795,0.058545,0.040332,0.063305,0.044867,0.079258,0.038471,0.053641,0.045857,0.04872,0.03808,0.042161,0.047959,0.041944,0.038439,0.044251,0.043484,0.040569,0.062705
2015-04-24,0.104425,0.039437,0.077903,0.048866,0.057278,0.042445,0.076032,0.037126,0.049586,0.04326,0.045601,0.036798,0.040208,0.044981,0.040027,0.037099,0.041937,0.041304,0.038882,0.056805
2015-04-27,0.117481,0.040795,0.083264,0.046744,0.058354,0.040724,0.074693,0.037282,0.045124,0.045143,0.042698,0.037064,0.039296,0.044719,0.040645,0.038446,0.042996,0.036739,0.038436,0.049358
2015-04-28,0.12,0.043571,0.08465,0.048956,0.055484,0.039682,0.062495,0.036745,0.049035,0.037074,0.042813,0.037322,0.040002,0.04305,0.040731,0.037742,0.042671,0.052285,0.037734,0.047958
2015-04-29,0.118518,0.054978,0.077546,0.046435,0.053684,0.040098,0.0622,0.037501,0.04821,0.037793,0.042838,0.038014,0.040379,0.043044,0.041019,0.038386,0.042715,0.05098,0.038378,0.047286
2015-04-30,0.113526,0.054783,0.071491,0.045747,0.051905,0.040905,0.059004,0.037982,0.047266,0.038239,0.042646,0.038434,0.040507,0.042825,0.058588,0.038761,0.04254,0.049621,0.038754,0.046477
2015-05-01,0.109054,0.053917,0.068834,0.046457,0.065119,0.04181,0.042233,0.039197,0.048825,0.039427,0.043355,0.039602,0.041455,0.043513,0.057162,0.039931,0.04326,0.049466,0.040655,0.046726
2015-05-04,0.100053,0.058288,0.059796,0.045853,0.068704,0.036176,0.034211,0.039342,0.045477,0.053145,0.041953,0.040462,0.045442,0.039549,0.053483,0.039827,0.047724,0.04587,0.040302,0.064345
2015-05-05,0.085037,0.057539,0.058479,0.045392,0.062633,0.037303,0.037484,0.038995,0.044238,0.047962,0.062262,0.03996,0.044208,0.039174,0.066076,0.039413,0.049611,0.044571,0.039822,0.059842
2015-05-06,0.079864,0.06155,0.07458,0.041052,0.058206,0.037072,0.037228,0.038531,0.047662,0.046138,0.057906,0.039359,0.042978,0.037341,0.067231,0.036782,0.05966,0.043285,0.039241,0.054334
2015-05-07,0.087476,0.061551,0.066277,0.041653,0.056448,0.036147,0.037818,0.039417,0.047434,0.046111,0.056195,0.04871,0.043349,0.035059,0.063995,0.037855,0.057674,0.043618,0.040049,0.053165
2015-05-08,0.092229,0.062758,0.049394,0.043369,0.055249,0.04014,0.042533,0.040415,0.047484,0.049266,0.049058,0.048593,0.043904,0.036496,0.061626,0.039017,0.053256,0.044141,0.040979,0.060094
2015-05-11,0.083822,0.056399,0.052996,0.044357,0.054599,0.04283,0.054458,0.042187,0.043026,0.048688,0.037644,0.046323,0.043779,0.045754,0.065986,0.041218,0.054062,0.044714,0.042574,0.054585
2015-05-12,0.079446,0.041625,0.049469,0.046543,0.05577,0.051143,0.046294,0.044554,0.045325,0.054632,0.042627,0.049196,0.0297,0.051419,0.065768,0.043663,0.055292,0.046869,0.04491,0.055757
2015-05-13,0.079585,0.040183,0.045572,0.046803,0.055963,0.067864,0.05059,0.042634,0.043275,0.050916,0.050424,0.046476,0.029952,0.048299,0.062708,0.04189,0.051451,0.044556,0.04293,0.057929
2015-05-14,0.079632,0.035048,0.044942,0.054696,0.053741,0.092706,0.045868,0.038952,0.049644,0.049496,0.03932,0.045716,0.028403,0.047274,0.059338,0.041764,0.049949,0.044068,0.042665,0.056778
2015-05-15,0.072043,0.026966,0.045229,0.061217,0.04363,0.12,0.059651,0.040212,0.051127,0.045088,0.038606,0.041426,0.027803,0.046012,0.052799,0.038891,0.046664,0.040752,0.03962,0.062265
2015-05-18,0.078077,0.03046,0.05235,0.053738,0.042263,0.084062,0.055862,0.043065,0.050459,0.044583,0.041923,0.043919,0.042844,0.062533,0.053671,0.03047,0.049054,0.043067,0.040136,0.057466
2015-05-19,0.090342,0.033571,0.060653,0.058749,0.042643,0.077594,0.054365,0.043347,0.049758,0.044674,0.042344,0.044094,0.043153,0.059975,0.034279,0.032074,0.048549,0.043348,0.040769,0.055721
2015-05-20,0.095161,0.035215,0.058934,0.057537,0.043367,0.058058,0.054938,0.039871,0.049602,0.04516,0.051605,0.047059,0.043819,0.057929,0.035861,0.033844,0.051607,0.043992,0.041703,0.054739
2015-05-21,0.10433,0.035947,0.056279,0.05073,0.043091,0.05555,0.063731,0.040051,0.048437,0.051962,0.050135,0.053028,0.043482,0.042081,0.03652,0.036456,0.050136,0.043631,0.041648,0.052776
2015-05-22,0.103959,0.037441,0.066015,0.045907,0.045179,0.05469,0.061638,0.041136,0.04854,0.046685,0.046059,0.04197,0.03255,0.041863,0.039847,0.039141,0.05002,0.044319,0.042561,0.070481
2015-05-26,0.075902,0.047357,0.077891,0.02393,0.045642,0.058735,0.079507,0.042599,0.047562,0.046509,0.04615,0.049149,0.041126,0.042455,0.033341,0.039906,0.054071,0.045141,0.044103,0.058924
2015-05-27,0.071366,0.053741,0.070926,0.024175,0.055997,0.055473,0.072205,0.047471,0.055363,0.045274,0.04497,0.047503,0.040676,0.041818,0.03883,0.039624,0.051619,0.044112,0.043228,0.055629
2015-05-28,0.077274,0.055529,0.068432,0.024393,0.05585,0.055815,0.065798,0.045672,0.052214,0.057621,0.043583,0.045698,0.039925,0.042846,0.038342,0.039024,0.053172,0.042845,0.042097,0.053869
2015-05-29,0.072719,0.050772,0.06537,0.023571,0.051027,0.079277,0.085838,0.042829,0.048123,0.052433,0.041118,0.054226,0.038097,0.040513,0.037993,0.037348,0.048891,0.040512,0.039895,0.049448
2015-06-01,0.057245,0.056065,0.072061,0.022246,0.053943,0.059039,0.092177,0.041127,0.042473,0.063202,0.037145,0.044585,0.035428,0.05809,0.049292,0.040772,0.044948,0.04056,0.037531,0.052072
2015-06-02,0.061223,0.054411,0.067699,0.024334,0.052614,0.056916,0.083882,0.041548,0.042728,0.062048,0.038023,0.044573,0.036488,0.056118,0.059697,0.041235,0.046028,0.041048,0.038366,0.051022
2015-06-03,0.064281,0.053095,0.076886,0.025502,0.051565,0.055217,0.077393,0.041983,0.04302,0.056564,0.038865,0.044632,0.037496,0.057416,0.057558,0.041708,0.045898,0.041544,0.03917,0.050204
2015-06-04,0.077235,0.050426,0.097653,0.026632,0.049159,0.052175,0.077867,0.041103,0.041986,0.054916,0.038433,0.043352,0.037251,0.05398,0.054096,0.040868,0.039724,0.036422,0.038695,0.048027
2015-06-05,0.073406,0.050645,0.090035,0.029052,0.049535,0.052171,0.073929,0.042389,0.04318,0.054549,0.039981,0.044401,0.038909,0.053739,0.05384,0.042178,0.041148,0.038154,0.040219,0.048541
2015-06-08,0.068911,0.064245,0.080881,0.036963,0.0485,0.051036,0.059488,0.045474,0.044299,0.051685,0.047902,0.045313,0.038338,0.044835,0.054852,0.043618,0.042912,0.040623,0.042271,0.047855
2015-06-09,0.067575,0.067421,0.085841,0.034567,0.054001,0.045838,0.062579,0.042644,0.047073,0.037298,0.05228,0.045038,0.044635,0.050195,0.056696,0.039328,0.049775,0.043653,0.034816,0.038746
2015-06-10,0.057974,0.051992,0.084252,0.035498,0.062224,0.058686,0.068238,0.034894,0.056479,0.031054,0.06817,0.040514,0.039722,0.037584,0.044713,0.049129,0.058077,0.049654,0.029246,0.0419
2015-06-11,0.054664,0.055464,0.084243,0.039708,0.057474,0.063177,0.06228,0.033414,0.060534,0.031383,0.062226,0.043771,0.038884,0.037056,0.045595,0.051465,0.058238,0.047223,0.029787,0.043414
2015-06-12,0.061327,0.05397,0.07602,0.039592,0.05406,0.058702,0.057975,0.033715,0.06997,0.031924,0.060901,0.06008,0.038472,0.036893,0.044192,0.049106,0.054685,0.045562,0.030506,0.042346
2015-06-15,0.060595,0.053802,0.080156,0.054284,0.049876,0.052662,0.056895,0.04335,0.05913,0.034576,0.053955,0.053474,0.040536,0.044333,0.043957,0.04696,0.050256,0.044555,0.034194,0.042454
2015-06-16,0.058776,0.049149,0.073872,0.052474,0.048878,0.051245,0.054814,0.04326,0.056683,0.035529,0.073265,0.051933,0.040805,0.043027,0.043787,0.04638,0.053237,0.044305,0.0321,0.046482
2015-06-17,0.055858,0.04636,0.067614,0.059133,0.047194,0.059012,0.059991,0.047943,0.053691,0.033151,0.058316,0.048748,0.040883,0.042236,0.042885,0.059584,0.057073,0.043326,0.032728,0.044275
2015-06-18,0.07029,0.042959,0.059667,0.062136,0.04774,0.053001,0.053766,0.054615,0.049223,0.032082,0.062152,0.044879,0.038505,0.039613,0.040142,0.074976,0.051482,0.040501,0.031726,0.050545
2015-06-19,0.08296,0.051412,0.065869,0.05733,0.045577,0.049919,0.048373,0.05124,0.046807,0.032245,0.058978,0.055562,0.037798,0.038742,0.041671,0.067516,0.048671,0.039498,0.031933,0.047899
2015-06-22,0.084801,0.063721,0.059877,0.050498,0.046962,0.049867,0.053772,0.050734,0.047794,0.037376,0.044709,0.041497,0.031966,0.034832,0.049953,0.074204,0.049041,0.042729,0.037137,0.048527
2015-06-23,0.079459,0.061957,0.05869,0.050601,0.047502,0.05005,0.053445,0.050807,0.048233,0.03894,0.045512,0.042652,0.033984,0.036622,0.050125,0.070741,0.049328,0.043752,0.038723,0.048877
2015-06-24,0.099244,0.064472,0.055257,0.04836,0.045667,0.047793,0.060721,0.043164,0.046279,0.038621,0.047362,0.049661,0.034119,0.033552,0.047855,0.063126,0.047192,0.042512,0.038225,0.046816
2015-06-25,0.095207,0.059682,0.062174,0.052218,0.044204,0.04599,0.067463,0.042087,0.048146,0.040785,0.045629,0.047551,0.032212,0.041965,0.046042,0.058595,0.045486,0.041533,0.037862,0.04517
2015-06-26,0.117869,0.054793,0.077127,0.048777,0.042191,0.051665,0.060962,0.040426,0.045449,0.039336,0.043373,0.044959,0.032031,0.040325,0.043714,0.053923,0.043254,0.039963,0.03687,0.042993
2015-06-29,0.109227,0.057422,0.079015,0.054735,0.046973,0.047646,0.070055,0.038767,0.046752,0.054769,0.042561,0.041516,0.033885,0.046727,0.040819,0.037266,0.037063,0.038473,0.036482,0.039846
2015-06-30,0.114865,0.061039,0.074291,0.069944,0.045448,0.046015,0.064364,0.038453,0.045263,0.051949,0.039706,0.040816,0.034202,0.045242,0.040219,0.037153,0.036978,0.038199,0.036472,0.039383
2015-07-01,0.12,0.055543,0.095403,0.074089,0.043283,0.043739,0.058091,0.037578,0.043134,0.048463,0.038611,0.041379,0.034034,0.043117,0.039032,0.036501,0.036355,0.037368,0.035935,0.038346
2015-07-02,0.12,0.052761,0.096922,0.068324,0.049218,0.043745,0.060529,0.033843,0.04327,0.05493,0.039669,0.041883,0.035931,0.043256,0.031013,0.031252,0.03784,0.038664,0.037496,0.039455
2015-07-06,0.095081,0.054404,0.079479,0.076746,0.046638,0.039915,0.054593,0.037344,0.058688,0.060215,0.041881,0.060831,0.035216,0.039621,0.031849,0.03201,0.036291,0.036808,0.045844,0.036546
2015-07-07,0.107111,0.050007,0.088619,0.069994,0.043866,0.038425,0.074313,0.036309,0.053338,0.061739,0.034819,0.05499,0.034542,0.038185,0.031711,0.031848,0.035437,0.035866,0.04323,0.035649
2015-07-08,0.099259,0.050358,0.083839,0.067945,0.04481,0.039824,0.071668,0.037864,0.053336,0.060759,0.036476,0.054805,0.036217,0.039602,0.033561,0.03369,0.037052,0.037452,0.044231,0.03725
2015-07-09,0.083768,0.047969,0.079898,0.073623,0.046312,0.041791,0.069701,0.039995,0.053894,0.060368,0.033852,0.051667,0.034932,0.04601,0.036008,0.036128,0.039248,0.039616,0.04579,0.03943
2015-07-10,0.066334,0.036894,0.069391,0.097068,0.043164,0.039472,0.061614,0.037991,0.049254,0.08061,0.032092,0.046773,0.033016,0.04131,0.044868,0.034772,0.037372,0.037677,0.068995,0.041331
2015-07-13,0.062199,0.051812,0.073958,0.066304,0.045189,0.03605,0.079551,0.037595,0.051211,0.089733,0.033634,0.043124,0.039575,0.038846,0.042742,0.037881,0.03773,0.03739,0.055731,0.039744
2015-07-14,0.065569,0.058616,0.068485,0.065543,0.049874,0.035359,0.065138,0.0323,0.064163,0.089425,0.031293,0.041327,0.049263,0.042274,0.041008,0.036918,0.036789,0.0365,0.051665,0.038493
2015-07-15,0.069075,0.063128,0.077673,0.053691,0.050989,0.041966,0.066215,0.033254,0.060507,0.085347,0.026652,0.052216,0.030425,0.042014,0.040917,0.03734,0.031614,0.036972,0.050031,0.049975
2015-07-16,0.086766,0.060014,0.083102,0.045396,0.043757,0.041556,0.065382,0.032551,0.057144,0.077093,0.031914,0.049886,0.025243,0.044955,0.04065,0.037538,0.033521,0.037216,0.048428,0.057888
2015-07-17,0.079593,0.062509,0.096723,0.052139,0.049926,0.043291,0.066637,0.045046,0.054453,0.067557,0.025553,0.034938,0.022016,0.032979,0.04261,0.040234,0.045637,0.039985,0.041424,0.056749
2015-07-20,0.090744,0.058808,0.105293,0.049495,0.047205,0.042124,0.073171,0.043163,0.048484,0.061536,0.027143,0.043079,0.023779,0.032692,0.038256,0.040275,0.043509,0.040122,0.041001,0.050122
2015-07-21,0.087815,0.060138,0.105257,0.051665,0.045715,0.041005,0.071704,0.041971,0.046897,0.058881,0.026954,0.053492,0.023755,0.033436,0.037403,0.039285,0.042292,0.039143,0.039961,0.05323
2015-07-22,0.075197,0.042828,0.12,0.058643,0.042805,0.033656,0.063856,0.044975,0.056752,0.0536,0.031114,0.049217,0.023926,0.043398,0.04144,0.037411,0.056908,0.03729,0.037982,0.049003
2015-07-23,0.066986,0.041026,0.12,0.054732,0.050943,0.039488,0.075698,0.040997,0.05018,0.047336,0.030783,0.047076,0.023691,0.043326,0.034091,0.046099,0.070143,0.034838,0.038398,0.04417
2015-07-24,0.070884,0.037897,0.110944,0.055884,0.048826,0.040283,0.086353,0.044184,0.048356,0.047336,0.033634,0.046033,0.027112,0.036492,0.027466,0.045295,0.073353,0.036498,0.039341,0.043827
2015-07-27,0.074533,0.042677,0.085973,0.053123,0.049131,0.046513,0.105265,0.042255,0.045433,0.056045,0.031641,0.043293,0.028248,0.037728,0.021894,0.050367,0.055433,0.037732,0.050665,0.042052
2015-07-28,0.073537,0.042577,0.09133,0.052768,0.048879,0.046324,0.103147,0.042164,0.04527,0.055611,0.031756,0.04318,0.028414,0.037733,0.022135,0.050084,0.055016,0.037736,0.050374,0.041966
2015-07-29,0.072631,0.042409,0.091697,0.053659,0.048756,0.046182,0.105213,0.040998,0.04512,0.055547,0.031534,0.043016,0.028183,0.037537,0.023005,0.049971,0.054945,0.03754,0.050263,0.041794
2015-07-30,0.062005,0.04421,0.081277,0.049237,0.045558,0.042725,0.101152,0.038212,0.041803,0.046448,0.030508,0.039972,0.027621,0.054744,0.021245,0.0504,0.070332,0.043027,0.046255,0.063267
2015-07-31,0.0652,0.035817,0.067277,0.050477,0.044128,0.056778,0.112054,0.037954,0.040991,0.044866,0.031292,0.036269,0.028737,0.051652,0.022947,0.048119,0.075591,0.046671,0.044706,0.058473
2015-08-03,0.049182,0.041791,0.066082,0.056304,0.048336,0.057623,0.09257,0.043514,0.045914,0.048766,0.028651,0.031162,0.035841,0.039815,0.026924,0.040942,0.088725,0.050262,0.048777,0.058818
2015-08-04,0.045703,0.042741,0.07838,0.058315,0.045675,0.069527,0.101582,0.041682,0.043676,0.046842,0.02897,0.031169,0.035205,0.03858,0.027444,0.039529,0.077502,0.047256,0.046038,0.054185
2015-08-05,0.052096,0.051374,0.073501,0.064029,0.052336,0.065,0.097159,0.040233,0.043365,0.047273,0.030334,0.024129,0.035944,0.038925,0.028938,0.039758,0.071444,0.046443,0.045399,0.052319
2015-08-06,0.053171,0.050332,0.068312,0.058725,0.052016,0.061771,0.085973,0.040684,0.043428,0.046379,0.031816,0.026406,0.036881,0.03953,0.030537,0.041985,0.089698,0.046023,0.045196,0.051137
2015-08-07,0.055479,0.050236,0.064265,0.061282,0.038807,0.060041,0.083257,0.041741,0.046953,0.046784,0.033698,0.028608,0.038323,0.04851,0.032891,0.042901,0.083075,0.04647,0.045743,0.050935
2015-08-10,0.062823,0.0642,0.070642,0.053846,0.050869,0.05843,0.062608,0.046234,0.046214,0.053032,0.04621,0.035684,0.040418,0.04865,0.027735,0.033012,0.063846,0.041359,0.045424,0.048763
2015-08-11,0.061941,0.065057,0.066993,0.055914,0.053713,0.05462,0.062205,0.044549,0.044532,0.053197,0.045515,0.037091,0.039629,0.053826,0.028552,0.033211,0.059002,0.040431,0.043869,0.056154
2015-08-12,0.061191,0.06993,0.093638,0.058772,0.052467,0.044218,0.058344,0.037838,0.044567,0.052028,0.045422,0.032795,0.040263,0.053169,0.027067,0.034523,0.056936,0.040972,0.043989,0.05187
2015-08-13,0.064635,0.090483,0.082504,0.05521,0.049828,0.057612,0.054654,0.037488,0.043229,0.049615,0.044991,0.034058,0.039572,0.051876,0.028005,0.034613,0.053504,0.036049,0.042741,0.049334
2015-08-14,0.06213,0.095494,0.07684,0.054164,0.049538,0.05621,0.053689,0.038668,0.043775,0.049353,0.045324,0.035569,0.040179,0.051305,0.029998,0.036073,0.051867,0.037372,0.043344,0.04911
2015-08-17,0.058814,0.077839,0.0674,0.053546,0.050482,0.054871,0.056541,0.042871,0.049897,0.03892,0.047607,0.040572,0.043968,0.05024,0.035111,0.04095,0.052036,0.041917,0.046224,0.050194
2015-08-18,0.059208,0.075591,0.064643,0.051801,0.051851,0.067573,0.056499,0.033205,0.051327,0.047809,0.051788,0.042867,0.045976,0.05424,0.032028,0.028412,0.053238,0.044103,0.03625,0.051593
2015-08-19,0.055118,0.059281,0.069218,0.048344,0.050193,0.063208,0.061888,0.029226,0.055307,0.046467,0.060558,0.042531,0.045204,0.063123,0.032999,0.029731,0.05136,0.049515,0.036755,0.049976
2015-08-20,0.054877,0.064169,0.071048,0.049507,0.049361,0.060331,0.072629,0.026613,0.053711,0.037893,0.062588,0.041455,0.043773,0.060288,0.034262,0.031549,0.050358,0.04878,0.037634,0.049175
2015-08-21,0.042862,0.076672,0.067496,0.049515,0.049157,0.058542,0.068802,0.028709,0.052908,0.043608,0.060443,0.042227,0.044275,0.058505,0.035772,0.033293,0.05002,0.049379,0.038818,0.048996
2015-08-24,0.048877,0.064969,0.062063,0.046269,0.058028,0.0565,0.052119,0.036702,0.052851,0.046523,0.057704,0.044445,0.046991,0.056477,0.032489,0.029573,0.052611,0.050498,0.044205,0.060103
2015-08-25,0.044553,0.059841,0.074292,0.039387,0.052227,0.051027,0.042619,0.03505,0.048241,0.043152,0.054686,0.052836,0.067738,0.066219,0.031521,0.029043,0.047869,0.046275,0.041212,0.072213
2015-08-26,0.046688,0.059347,0.096644,0.045839,0.049543,0.048551,0.059272,0.035011,0.039646,0.042985,0.048921,0.050046,0.06213,0.060916,0.031921,0.029726,0.048315,0.04459,0.034219,0.065689
2015-08-27,0.048626,0.058499,0.079437,0.045916,0.051368,0.049118,0.062704,0.036951,0.041175,0.044177,0.049443,0.050431,0.06088,0.061986,0.033823,0.032044,0.047684,0.04561,0.036222,0.063905
2015-08-28,0.071086,0.056152,0.073289,0.045478,0.050144,0.048226,0.05965,0.037642,0.041361,0.043975,0.048504,0.049347,0.058137,0.059055,0.034853,0.033251,0.046998,0.045214,0.036995,0.060643
2015-08-31,0.070231,0.051963,0.066837,0.0501,0.053724,0.047,0.056825,0.046153,0.042471,0.049029,0.047178,0.05241,0.053168,0.063276,0.036032,0.030754,0.046207,0.045042,0.039458,0.052142
2015-09-01,0.06816,0.055257,0.057888,0.045998,0.051862,0.052621,0.050224,0.045438,0.042266,0.047893,0.046316,0.050756,0.051394,0.06615,0.048253,0.038507,0.045484,0.044484,0.039643,0.051407
2015-09-02,0.068832,0.053265,0.055962,0.041829,0.0639,0.051046,0.049015,0.044923,0.04218,0.047029,0.045677,0.049467,0.050008,0.0738,0.047336,0.038895,0.044963,0.041963,0.039892,0.050019
2015-09-03,0.090572,0.051932,0.072604,0.042079,0.06085,0.050043,0.042422,0.044775,0.042386,0.046597,0.042265,0.042293,0.042696,0.065577,0.046862,0.039497,0.04481,0.042196,0.040377,0.049166
2015-09-04,0.075222,0.046992,0.069692,0.046157,0.061602,0.05196,0.049754,0.047165,0.044966,0.042439,0.044855,0.044881,0.038366,0.065747,0.041656,0.042286,0.047197,0.044791,0.043105,0.051167
2015-09-08,0.079466,0.047092,0.050921,0.05658,0.06809,0.049113,0.04315,0.046456,0.045199,0.052855,0.037485,0.062369,0.040626,0.055355,0.043257,0.037835,0.046256,0.045098,0.044115,0.048681
2015-09-09,0.081626,0.049912,0.062854,0.051973,0.067171,0.047876,0.04446,0.045613,0.044537,0.052688,0.037841,0.058946,0.040587,0.054128,0.040635,0.038148,0.045442,0.04445,0.043605,0.047508
2015-09-10,0.082946,0.047599,0.061235,0.04802,0.070298,0.046871,0.058428,0.044936,0.044012,0.050947,0.038192,0.056176,0.040594,0.052156,0.040635,0.038462,0.04479,0.043937,0.04321,0.046558
2015-09-11,0.075825,0.04827,0.057704,0.050361,0.064826,0.045551,0.055186,0.04391,0.043123,0.059769,0.049442,0.053329,0.040192,0.049992,0.042194,0.043489,0.046051,0.043059,0.042438,0.045286
2015-09-14,0.085447,0.047069,0.052561,0.04788,0.06456,0.056977,0.047748,0.04887,0.043372,0.052704,0.045839,0.05182,0.035231,0.041902,0.045219,0.049283,0.052478,0.04333,0.042916,0.044795
2015-09-15,0.087528,0.043477,0.07883,0.044122,0.057243,0.051344,0.059465,0.044922,0.040489,0.060299,0.042486,0.047274,0.035841,0.046765,0.041985,0.045252,0.047796,0.043123,0.040118,0.041643
2015-09-16,0.097278,0.045589,0.072427,0.047593,0.052691,0.047931,0.055262,0.042667,0.06551,0.055131,0.046088,0.044605,0.035052,0.044187,0.040229,0.04294,0.045034,0.041176,0.038666,0.039943
2015-09-17,0.089585,0.046312,0.069296,0.048079,0.052532,0.048376,0.054757,0.043717,0.063498,0.054644,0.046753,0.045441,0.03684,0.04507,0.041534,0.04396,0.045821,0.042384,0.040126,0.041277
2015-09-18,0.083303,0.046904,0.066615,0.048458,0.052343,0.048719,0.054268,0.044608,0.061735,0.054171,0.047293,0.046135,0.038433,0.045807,0.042662,0.044824,0.046471,0.043421,0.0414,0.042432
2015-09-21,0.08293,0.05413,0.058811,0.047775,0.071,0.046457,0.049908,0.043832,0.054312,0.05092,0.045555,0.044816,0.039728,0.044606,0.042561,0.048544,0.045031,0.044947,0.041726,0.04241
2015-09-22,0.079199,0.051365,0.055212,0.044676,0.065049,0.044965,0.048735,0.056506,0.051516,0.048703,0.044205,0.044882,0.039239,0.0467,0.053681,0.046719,0.052472,0.043691,0.040952,0.041535
2015-09-23,0.076038,0.051695,0.056746,0.046388,0.06673,0.047138,0.05021,0.056171,0.051827,0.049355,0.039388,0.047512,0.040893,0.047583,0.053719,0.044111,0.042602,0.044902,0.044022,0.042968
2015-09-24,0.083845,0.050066,0.056695,0.045753,0.062526,0.046201,0.048811,0.053819,0.050177,0.048087,0.039513,0.04652,0.040824,0.051299,0.051767,0.043607,0.042305,0.044287,0.04353,0.050369
2015-09-25,0.088488,0.049538,0.055202,0.048912,0.060285,0.046192,0.057092,0.052756,0.049634,0.047829,0.040313,0.046469,0.041475,0.050599,0.061467,0.043926,0.030205,0.035961,0.043858,0.0498
2015-09-28,0.073407,0.050923,0.053219,0.041828,0.072297,0.042814,0.053154,0.046736,0.047297,0.0516,0.0478,0.044725,0.039877,0.054229,0.053862,0.041481,0.058525,0.036295,0.041374,0.048555
2015-09-29,0.075377,0.03792,0.051387,0.039618,0.092162,0.041908,0.050946,0.045232,0.045704,0.049303,0.046127,0.03697,0.05946,0.048958,0.051179,0.040771,0.050379,0.031406,0.040679,0.064513
2015-09-30,0.080106,0.039778,0.04657,0.041324,0.086179,0.043396,0.057808,0.046377,0.046799,0.049991,0.047175,0.037558,0.04308,0.049686,0.051643,0.042369,0.050939,0.033759,0.042286,0.063176
2015-10-01,0.099017,0.043396,0.049779,0.050119,0.085063,0.046813,0.060341,0.0496,0.049992,0.052948,0.035521,0.033798,0.033848,0.041268,0.054468,0.033992,0.053821,0.03762,0.045603,0.042995
2015-10-02,0.103368,0.036814,0.056651,0.049289,0.077576,0.034265,0.069265,0.048462,0.04884,0.051344,0.024783,0.034735,0.03478,0.035163,0.069367,0.034909,0.05208,0.043366,0.045084,0.04986
2015-10-05,0.096474,0.041309,0.058638,0.051475,0.067549,0.03905,0.064783,0.049084,0.049336,0.045448,0.031535,0.039402,0.039436,0.039722,0.062187,0.039532,0.052634,0.045615,0.034576,0.052214
2015-10-06,0.088807,0.044763,0.056069,0.049884,0.060591,0.05054,0.059845,0.045886,0.046091,0.042913,0.034231,0.037898,0.034059,0.045528,0.072853,0.04591,0.048762,0.052089,0.033823,0.049457
2015-10-07,0.081964,0.038235,0.046482,0.044707,0.056977,0.051786,0.063059,0.047609,0.047794,0.04276,0.036889,0.040306,0.036917,0.047285,0.071197,0.04763,0.050196,0.053165,0.036506,0.058535
2015-10-08,0.070669,0.035001,0.045053,0.044215,0.052,0.047851,0.055772,0.054911,0.044624,0.060181,0.035616,0.040365,0.03564,0.044209,0.087839,0.061996,0.04657,0.048958,0.035294,0.053236
2015-10-09,0.072881,0.038976,0.041306,0.041416,0.046798,0.062887,0.050436,0.043855,0.047111,0.053146,0.038674,0.037537,0.040301,0.046878,0.090092,0.068975,0.042181,0.043998,0.033397,0.059154
2015-10-12,0.071036,0.04225,0.052752,0.046159,0.047668,0.057929,0.057783,0.045669,0.047878,0.051847,0.042034,0.041214,0.043717,0.05522,0.066433,0.04638,0.044471,0.045767,0.038156,0.055637
2015-10-13,0.0728,0.04494,0.050824,0.045722,0.039859,0.061585,0.062319,0.044829,0.046711,0.050064,0.033423,0.04271,0.043156,0.05392,0.062123,0.045436,0.041642,0.053045,0.038336,0.066559
2015-10-14,0.062068,0.044585,0.05007,0.048817,0.037152,0.070994,0.065754,0.040751,0.046111,0.054031,0.024421,0.062171,0.037644,0.052247,0.067035,0.045013,0.027158,0.051509,0.038823,0.073644
2015-10-15,0.066077,0.043422,0.048138,0.046995,0.036086,0.07199,0.060084,0.03522,0.044116,0.050643,0.027263,0.070123,0.036266,0.069476,0.061687,0.045855,0.027826,0.054438,0.03798,0.066314
2015-10-16,0.061867,0.042927,0.046958,0.047878,0.03654,0.06666,0.071726,0.035775,0.043523,0.047654,0.028626,0.065153,0.036698,0.07726,0.055156,0.045013,0.02914,0.054259,0.038203,0.068982
2015-10-19,0.050094,0.042334,0.044917,0.040731,0.042781,0.062841,0.066192,0.037537,0.042721,0.045355,0.047353,0.054632,0.038174,0.079041,0.049797,0.04368,0.032786,0.04941,0.0392,0.090424
2015-10-20,0.060911,0.038288,0.041562,0.048463,0.041809,0.058431,0.071976,0.037311,0.041758,0.041663,0.045673,0.051727,0.037861,0.071344,0.047718,0.042573,0.033164,0.047395,0.038745,0.101626
2015-10-21,0.064454,0.03818,0.041782,0.04674,0.041219,0.071559,0.058341,0.033287,0.068496,0.033473,0.048775,0.049611,0.037809,0.065636,0.046246,0.041874,0.034672,0.045974,0.038577,0.093294
2015-10-22,0.055513,0.056294,0.041901,0.040174,0.041284,0.066732,0.077211,0.034275,0.064239,0.034442,0.047799,0.048511,0.038294,0.061897,0.045634,0.041854,0.035513,0.0454,0.03897,0.084064
2015-10-23,0.05764,0.064334,0.050348,0.045014,0.04773,0.06065,0.090741,0.030596,0.058672,0.034101,0.04536,0.045948,0.037398,0.056806,0.036565,0.04758,0.035022,0.043371,0.037972,0.074152
2015-10-26,0.050329,0.070586,0.058453,0.048789,0.053925,0.045239,0.098583,0.034102,0.051366,0.042303,0.043346,0.043715,0.038163,0.060333,0.033133,0.053072,0.037319,0.042082,0.034772,0.060388
2015-10-27,0.052477,0.060627,0.060725,0.04468,0.051838,0.048173,0.095513,0.034786,0.04969,0.042289,0.051193,0.043181,0.038365,0.057161,0.031887,0.051124,0.037626,0.056079,0.03538,0.057207
2015-10-28,0.06542,0.058556,0.057118,0.047891,0.050548,0.043544,0.084712,0.036076,0.048179,0.041867,0.049445,0.042635,0.038465,0.054426,0.032744,0.049386,0.040125,0.062443,0.035846,0.060574
2015-10-29,0.077397,0.052509,0.055532,0.049543,0.049928,0.043848,0.078263,0.037224,0.047884,0.040424,0.048978,0.043051,0.03936,0.054673,0.034212,0.048928,0.040835,0.061184,0.037017,0.05921
2015-10-30,0.079655,0.051232,0.055181,0.046757,0.058008,0.042131,0.06987,0.037618,0.045487,0.035426,0.043546,0.041463,0.038351,0.066206,0.041723,0.038156,0.039599,0.057223,0.036355,0.076011
2015-11-02,0.098891,0.079279,0.081229,0.047897,0.055013,0.037931,0.050705,0.0352,0.039899,0.033833,0.038767,0.037533,0.03565,0.05111,0.040791,0.035531,0.047826,0.046422,0.034415,0.072079
2015-11-03,0.101986,0.07614,0.078228,0.052333,0.055395,0.040078,0.05662,0.037718,0.041881,0.03628,0.040845,0.039711,0.037971,0.051957,0.038065,0.033893,0.040756,0.033235,0.036823,0.070084
2015-11-04,0.096602,0.072992,0.07473,0.05828,0.043477,0.041748,0.061694,0.0396,0.043379,0.028907,0.0352,0.041416,0.039832,0.052334,0.039917,0.03608,0.042363,0.044656,0.038881,0.067911
2015-11-05,0.093425,0.071495,0.085606,0.066071,0.046809,0.039819,0.063961,0.038029,0.04117,0.032742,0.034323,0.039543,0.038223,0.048477,0.038294,0.036193,0.040329,0.047244,0.037427,0.060819
2015-11-06,0.08203,0.068432,0.06657,0.05839,0.047329,0.041113,0.059448,0.039499,0.042324,0.039871,0.036127,0.047476,0.044939,0.058691,0.039739,0.037834,0.055967,0.047711,0.03103,0.05548
2015-11-09,0.086709,0.08979,0.057396,0.064675,0.050021,0.034933,0.071453,0.037822,0.035609,0.03739,0.042187,0.038413,0.042711,0.044181,0.058318,0.03307,0.051084,0.040003,0.028522,0.055712
2015-11-10,0.080916,0.087372,0.066852,0.060266,0.047415,0.034688,0.084024,0.037173,0.035272,0.037846,0.04748,0.037677,0.041322,0.042558,0.054192,0.036472,0.048291,0.039032,0.029076,0.052078
2015-11-11,0.069581,0.095166,0.064885,0.060954,0.045169,0.03441,0.086187,0.036546,0.042738,0.037121,0.045224,0.039102,0.040072,0.041113,0.053309,0.037345,0.045895,0.042416,0.029509,0.053258
2015-11-12,0.062046,0.088923,0.074997,0.059675,0.045639,0.031196,0.08177,0.037952,0.043493,0.036238,0.045686,0.040253,0.041121,0.04205,0.053531,0.039268,0.046276,0.043207,0.031505,0.055176
2015-11-13,0.066422,0.081919,0.078755,0.057443,0.045835,0.04435,0.076151,0.039037,0.043953,0.037497,0.045877,0.036052,0.041859,0.045538,0.049441,0.032529,0.046392,0.043702,0.033195,0.054052
2015-11-16,0.074745,0.063469,0.084546,0.062993,0.043545,0.042609,0.084953,0.040376,0.042357,0.038143,0.043571,0.040587,0.041015,0.043358,0.048212,0.032747,0.043893,0.042197,0.035196,0.051488
2015-11-17,0.073218,0.0586,0.080165,0.05993,0.04569,0.041423,0.083296,0.053756,0.04121,0.052283,0.042236,0.039706,0.04007,0.042056,0.046126,0.032939,0.042508,0.041074,0.036583,0.047132
2015-11-18,0.084531,0.061152,0.077343,0.073861,0.045708,0.041968,0.073792,0.052656,0.04178,0.037378,0.042684,0.040713,0.040772,0.042526,0.037321,0.034377,0.042923,0.04166,0.03989,0.046961
2015-11-19,0.091277,0.048571,0.062448,0.065773,0.047369,0.047728,0.082878,0.055911,0.041144,0.037587,0.041918,0.038907,0.040279,0.041783,0.042853,0.041405,0.042122,0.041861,0.039519,0.048667
2015-11-20,0.087533,0.051623,0.058672,0.060108,0.046126,0.051889,0.075066,0.053288,0.040802,0.051313,0.041469,0.052086,0.040054,0.041353,0.038061,0.036928,0.041645,0.04142,0.039395,0.051168
2015-11-23,0.092851,0.050522,0.054974,0.05187,0.046906,0.050694,0.069949,0.049408,0.042465,0.050322,0.043725,0.048651,0.040856,0.041797,0.045021,0.040504,0.043847,0.04314,0.04227,0.050228
2015-11-24,0.087542,0.048334,0.051888,0.050702,0.045308,0.052295,0.060116,0.047404,0.04155,0.048167,0.042621,0.056952,0.040176,0.059941,0.043718,0.033766,0.042725,0.041871,0.041383,0.063541
2015-11-25,0.087424,0.044766,0.047965,0.066352,0.042316,0.062977,0.064123,0.044015,0.039243,0.049406,0.040123,0.05387,0.038111,0.062386,0.041846,0.03276,0.040208,0.040406,0.039107,0.062596
2015-11-27,0.086054,0.045793,0.048252,0.061706,0.043881,0.059312,0.060128,0.04521,0.041444,0.049347,0.042146,0.05269,0.040535,0.058889,0.043511,0.036143,0.042214,0.042372,0.041335,0.059039
2015-11-30,0.086335,0.046044,0.062941,0.054351,0.043227,0.052735,0.076355,0.044087,0.043673,0.046709,0.042092,0.048773,0.041023,0.052487,0.04282,0.037839,0.042137,0.042241,0.041556,0.052575
2015-12-01,0.081426,0.045534,0.059776,0.05303,0.043099,0.051243,0.075515,0.043844,0.043486,0.046106,0.042112,0.047875,0.044571,0.051033,0.042746,0.038383,0.055227,0.042242,0.041645,0.051108
2015-12-02,0.074449,0.052528,0.050747,0.051705,0.050507,0.060786,0.072853,0.040079,0.043746,0.046032,0.042541,0.047709,0.044695,0.050286,0.043097,0.039241,0.053865,0.042654,0.042129,0.05035
2015-12-03,0.075881,0.051383,0.050829,0.050681,0.049658,0.058348,0.071047,0.040603,0.043819,0.045805,0.042765,0.052223,0.044645,0.051886,0.043252,0.039863,0.05252,0.042865,0.042405,0.049523
2015-12-04,0.086354,0.049436,0.049432,0.048848,0.047988,0.055221,0.065044,0.036812,0.043036,0.05687,0.042537,0.050139,0.043742,0.04961,0.039972,0.030319,0.050387,0.04222,0.064158,0.047875
2015-12-07,0.078,0.056497,0.0499,0.047517,0.048933,0.050732,0.059806,0.031986,0.057458,0.054735,0.045144,0.05037,0.046032,0.050018,0.043375,0.036144,0.040259,0.044969,0.059267,0.048857
2015-12-08,0.081025,0.059415,0.052743,0.051498,0.049525,0.051106,0.060538,0.029233,0.056956,0.054599,0.046169,0.050788,0.046959,0.05048,0.033813,0.030004,0.041788,0.046013,0.05789,0.049458
2015-12-09,0.078207,0.056599,0.049461,0.059015,0.046823,0.048122,0.062418,0.028805,0.052883,0.050973,0.059348,0.048086,0.044704,0.064953,0.034062,0.030832,0.040386,0.043919,0.053637,0.046768
2015-12-10,0.075835,0.057776,0.052666,0.060663,0.046786,0.047914,0.069277,0.030651,0.052016,0.050376,0.05751,0.044771,0.044937,0.062209,0.035466,0.025198,0.041135,0.04425,0.052661,0.047903
2015-12-11,0.08213,0.058356,0.05459,0.063287,0.048565,0.049582,0.072275,0.033606,0.053257,0.05972,0.050942,0.041796,0.046889,0.055714,0.026521,0.019115,0.043416,0.046264,0.044403,0.049572
2015-12-14,0.070126,0.061833,0.069627,0.066091,0.055346,0.048409,0.088899,0.037511,0.050305,0.041591,0.04117,0.044163,0.046978,0.051539,0.019728,0.020942,0.045074,0.04664,0.045622,0.048404
2015-12-15,0.084649,0.050139,0.069426,0.065666,0.054328,0.047086,0.090131,0.035857,0.04906,0.040039,0.039605,0.042688,0.045601,0.051834,0.018049,0.027063,0.04363,0.045251,0.052814,0.047081
2015-12-16,0.079583,0.050432,0.066961,0.063791,0.054083,0.047747,0.084054,0.03766,0.049485,0.041458,0.041067,0.043838,0.046432,0.051914,0.020712,0.029474,0.044679,0.046122,0.052767,0.047742
2015-12-17,0.084335,0.050121,0.06415,0.061499,0.053265,0.04779,0.07819,0.03887,0.049301,0.042261,0.041914,0.044365,0.046642,0.051401,0.023097,0.031401,0.045105,0.046371,0.052136,0.047786
2015-12-18,0.079142,0.050312,0.06237,0.060119,0.053049,0.048268,0.074097,0.040323,0.049594,0.043369,0.043059,0.045243,0.047258,0.051428,0.025631,0.033488,0.045899,0.047018,0.052068,0.048265
2015-12-21,0.076025,0.043217,0.061388,0.060349,0.050387,0.047344,0.074434,0.042066,0.048198,0.041025,0.043907,0.045364,0.046687,0.052219,0.039447,0.030777,0.053522,0.046531,0.049771,0.047341
2015-12-22,0.076505,0.042646,0.060159,0.065267,0.048743,0.046169,0.086698,0.047175,0.046894,0.046262,0.043238,0.044484,0.038818,0.050282,0.040645,0.031735,0.051372,0.045479,0.041264,0.046167
2015-12-23,0.080952,0.04359,0.059599,0.053022,0.048968,0.046709,0.080841,0.047594,0.047346,0.04679,0.044116,0.045222,0.040163,0.050311,0.04465,0.033702,0.051259,0.0461,0.042357,0.046707
2015-12-24,0.079303,0.043448,0.057047,0.057871,0.048078,0.046142,0.074949,0.046902,0.046689,0.046212,0.043904,0.04486,0.040458,0.049224,0.051998,0.03473,0.050031,0.045618,0.042376,0.05016
2015-12-28,0.069649,0.044265,0.049863,0.047947,0.046916,0.046946,0.078027,0.046253,0.046132,0.058273,0.044531,0.04647,0.042935,0.048726,0.044547,0.038922,0.049581,0.048999,0.043634,0.057383
2015-12-29,0.066838,0.04429,0.049128,0.054213,0.063324,0.046617,0.082809,0.046017,0.045912,0.056267,0.044522,0.033882,0.043234,0.048151,0.050142,0.045117,0.048886,0.049019,0.034398,0.047234
2015-12-30,0.069282,0.044007,0.058066,0.049841,0.060074,0.046013,0.08703,0.045497,0.045407,0.054202,0.044207,0.03432,0.043092,0.047329,0.049027,0.044721,0.047957,0.04807,0.035315,0.046543
2015-12-31,0.072389,0.03483,0.060746,0.049241,0.057358,0.049236,0.084122,0.045031,0.044954,0.052907,0.048771,0.035232,0.042952,0.046606,0.048059,0.044363,0.053691,0.047241,0.036119,0.046154
2016-01-04,0.068396,0.03952,0.052161,0.059528,0.05181,0.04746,0.072148,0.045088,0.045043,0.053099,0.048811,0.048424,0.040824,0.049917,0.046805,0.050466,0.049408,0.045637,0.039724,0.04573
2016-01-05,0.065927,0.041923,0.053379,0.059886,0.053066,0.049165,0.070797,0.047019,0.046979,0.054214,0.050382,0.037395,0.043124,0.051374,0.048574,0.051865,0.037701,0.047518,0.04211,0.047602
2016-01-06,0.062754,0.043342,0.071403,0.058436,0.053214,0.049792,0.078588,0.038878,0.047859,0.054214,0.050863,0.039237,0.044421,0.051733,0.036952,0.038542,0.039516,0.048336,0.04351,0.048411
2016-01-07,0.064792,0.042962,0.060519,0.05795,0.054285,0.051233,0.070042,0.042437,0.049497,0.040863,0.052191,0.041637,0.046387,0.052968,0.039518,0.04385,0.043395,0.049926,0.045558,0.049993
2016-01-08,0.065412,0.044483,0.057547,0.055414,0.05235,0.049779,0.066238,0.05608,0.048307,0.040883,0.050588,0.041556,0.045654,0.051243,0.045531,0.043512,0.04308,0.048672,0.044943,0.048729
2016-01-11,0.07334,0.045029,0.053367,0.048,0.050137,0.048498,0.068021,0.052466,0.047547,0.04259,0.047782,0.040651,0.051667,0.05405,0.047475,0.041745,0.044087,0.047784,0.047945,0.047821
2016-01-12,0.084384,0.045942,0.059026,0.048125,0.043969,0.042715,0.057343,0.045742,0.062299,0.038148,0.042165,0.082301,0.045135,0.054809,0.043616,0.031469,0.039312,0.049012,0.042291,0.042195
2016-01-13,0.076111,0.052678,0.069003,0.049557,0.045403,0.044274,0.058559,0.046993,0.054536,0.040123,0.03941,0.076629,0.047071,0.045282,0.045085,0.030923,0.040411,0.049904,0.043891,0.044157
2016-01-14,0.065871,0.058047,0.065721,0.048403,0.047336,0.032196,0.068954,0.046216,0.052611,0.051688,0.042465,0.07074,0.05974,0.056277,0.033722,0.024188,0.040216,0.048157,0.043549,0.043904
2016-01-15,0.079167,0.058769,0.068937,0.04873,0.050525,0.035181,0.090757,0.048192,0.053947,0.044499,0.034122,0.050844,0.049967,0.044393,0.031518,0.021657,0.042697,0.049949,0.045761,0.050388
2016-01-19,0.065953,0.061405,0.087971,0.046452,0.03649,0.036728,0.072623,0.037476,0.050501,0.047006,0.036082,0.075282,0.049634,0.04997,0.044003,0.021882,0.04104,0.04491,0.042707,0.051882
2016-01-20,0.068307,0.05284,0.09446,0.041331,0.038352,0.040688,0.060719,0.039312,0.050968,0.049404,0.042456,0.063106,0.050206,0.050501,0.048601,0.023759,0.042182,0.046019,0.044048,0.052742
2016-01-21,0.06211,0.064268,0.083817,0.041231,0.038242,0.041963,0.072687,0.039074,0.048985,0.047674,0.037166,0.071481,0.055612,0.044951,0.046999,0.025206,0.04011,0.044818,0.043141,0.050466
2016-01-22,0.066616,0.060752,0.076554,0.037218,0.047335,0.041918,0.078589,0.039807,0.047962,0.05598,0.037817,0.067958,0.041585,0.044505,0.046264,0.026896,0.040302,0.04439,0.042941,0.054612
2016-01-25,0.071983,0.056685,0.061492,0.038032,0.060707,0.052277,0.075153,0.042888,0.0485,0.053707,0.035461,0.051809,0.044143,0.046164,0.040637,0.033113,0.043239,0.046085,0.045087,0.052837
2016-01-26,0.069798,0.055858,0.05996,0.039464,0.059292,0.052056,0.071401,0.043816,0.048766,0.053294,0.037131,0.051651,0.04493,0.046715,0.041807,0.034981,0.044128,0.046646,0.045765,0.052542
2016-01-27,0.056167,0.037015,0.060914,0.031775,0.060323,0.053861,0.070916,0.046358,0.063209,0.054975,0.040136,0.053496,0.047382,0.04214,0.046925,0.038106,0.039476,0.048954,0.039685,0.068186
2016-01-28,0.047094,0.040025,0.055619,0.03866,0.058645,0.053137,0.08431,0.046631,0.06108,0.054091,0.041133,0.051796,0.047527,0.042915,0.047127,0.039315,0.040543,0.048896,0.036209,0.065246
2016-01-29,0.046814,0.046172,0.053138,0.042089,0.055647,0.051068,0.073111,0.045579,0.057653,0.051866,0.048732,0.062463,0.046341,0.040358,0.046001,0.039287,0.040353,0.053617,0.038649,0.061061
2016-02-01,0.068405,0.053017,0.056511,0.051406,0.050783,0.047986,0.076282,0.048803,0.051983,0.048479,0.046526,0.054805,0.045007,0.041084,0.043131,0.034652,0.035376,0.051845,0.039928,0.053991
2016-02-02,0.083243,0.050886,0.06391,0.057613,0.049014,0.046655,0.077636,0.054899,0.050021,0.047073,0.036365,0.042057,0.037461,0.033119,0.061111,0.035141,0.03448,0.047861,0.039756,0.051699
2016-02-03,0.077667,0.050304,0.056146,0.058096,0.04825,0.046558,0.084509,0.053255,0.064007,0.046582,0.037208,0.039539,0.044622,0.025323,0.056451,0.038872,0.035523,0.046334,0.040211,0.050543
2016-02-04,0.083493,0.050199,0.062201,0.05464,0.048829,0.047335,0.074234,0.05321,0.062448,0.047356,0.041087,0.037814,0.040572,0.024594,0.054487,0.040455,0.037403,0.047136,0.041665,0.050843
2016-02-05,0.082913,0.048845,0.061039,0.056182,0.047682,0.04641,0.069846,0.051386,0.05907,0.046428,0.041029,0.038174,0.040581,0.033597,0.06137,0.040479,0.037807,0.04624,0.041531,0.04939
2016-02-08,0.05996,0.075962,0.063201,0.044244,0.046726,0.038751,0.081051,0.04909,0.074429,0.042746,0.030431,0.043837,0.04201,0.038661,0.047513,0.032739,0.043408,0.054762,0.042656,0.047823
2016-02-09,0.072733,0.076809,0.065824,0.05221,0.051087,0.039992,0.064882,0.046885,0.094689,0.03895,0.032151,0.034024,0.03735,0.033361,0.03063,0.022113,0.048024,0.058365,0.047326,0.052595
2016-02-10,0.065143,0.070142,0.06232,0.048198,0.051321,0.046852,0.048821,0.048055,0.108567,0.048272,0.035992,0.037588,0.040372,0.037025,0.024503,0.020172,0.048947,0.056834,0.0484,0.052477
2016-02-11,0.068634,0.063486,0.059207,0.048568,0.04933,0.063286,0.06238,0.047966,0.101961,0.046571,0.035342,0.037841,0.039371,0.035673,0.024625,0.02051,0.047183,0.055981,0.04171,0.050375
2016-02-12,0.066763,0.06356,0.051117,0.040779,0.050013,0.084016,0.055707,0.048698,0.099698,0.047351,0.045149,0.038875,0.03661,0.036756,0.027998,0.021724,0.047942,0.056399,0.029829,0.051018
2016-02-16,0.056247,0.051618,0.049153,0.027667,0.050011,0.067375,0.065643,0.054686,0.082505,0.049771,0.065593,0.045696,0.041805,0.037709,0.044047,0.030974,0.040219,0.051529,0.037164,0.050587
2016-02-17,0.056278,0.049903,0.051339,0.029451,0.048548,0.095456,0.062965,0.045481,0.075065,0.053419,0.05847,0.04488,0.041534,0.037967,0.043466,0.031991,0.040159,0.049828,0.025642,0.058157
2016-02-18,0.053352,0.043282,0.046681,0.029458,0.059143,0.096524,0.062371,0.052531,0.076306,0.053542,0.057923,0.046009,0.043008,0.039774,0.044745,0.035627,0.033903,0.050394,0.031984,0.043442
2016-02-19,0.055542,0.043549,0.049303,0.037728,0.059116,0.090553,0.06063,0.042466,0.073798,0.054212,0.058054,0.048714,0.037879,0.04362,0.046369,0.038026,0.036419,0.051426,0.027405,0.045192
2016-02-22,0.043652,0.038679,0.049851,0.049197,0.057261,0.076584,0.059675,0.053145,0.061098,0.049849,0.052152,0.054111,0.039349,0.043189,0.047925,0.039449,0.038342,0.073951,0.028332,0.044209
2016-02-23,0.046009,0.039173,0.048855,0.050261,0.05512,0.09657,0.058978,0.051654,0.055144,0.048854,0.049555,0.05444,0.039762,0.044704,0.047208,0.032091,0.038875,0.068867,0.029873,0.044005
2016-02-24,0.043554,0.04379,0.04809,0.046172,0.053416,0.111223,0.04959,0.051371,0.053435,0.041863,0.048689,0.042443,0.040197,0.044512,0.048824,0.034564,0.047972,0.064842,0.031211,0.054243
2016-02-25,0.051113,0.043336,0.047018,0.049133,0.063171,0.097559,0.059116,0.049799,0.048728,0.041671,0.047527,0.04518,0.040223,0.043958,0.049007,0.031068,0.046918,0.06099,0.032272,0.052214
2016-02-26,0.054332,0.042673,0.052498,0.047601,0.059243,0.086486,0.063846,0.032204,0.061361,0.038631,0.049856,0.05384,0.039992,0.043205,0.053927,0.031939,0.047702,0.057458,0.033014,0.05019
2016-02-29,0.064928,0.046457,0.050323,0.049014,0.057684,0.07404,0.060604,0.037001,0.059037,0.043505,0.042601,0.045426,0.033951,0.039704,0.055725,0.038374,0.051434,0.056532,0.039221,0.054439
2016-03-01,0.065291,0.047277,0.046405,0.052889,0.056539,0.072396,0.061619,0.041232,0.059858,0.038508,0.043426,0.045923,0.035641,0.03395,0.054864,0.03965,0.051168,0.059193,0.040411,0.05376
2016-03-02,0.062493,0.046042,0.049419,0.05033,0.053802,0.06672,0.064141,0.040872,0.05654,0.040534,0.042759,0.05199,0.036166,0.032764,0.052411,0.041573,0.049323,0.055993,0.040163,0.065964
2016-03-03,0.068513,0.044989,0.047848,0.049865,0.051522,0.074215,0.077792,0.040558,0.053798,0.041708,0.042183,0.050008,0.036461,0.033456,0.048217,0.038621,0.047768,0.053344,0.037609,0.061524
2016-03-04,0.072265,0.048698,0.05478,0.048516,0.050045,0.06876,0.072848,0.040634,0.051964,0.041636,0.03518,0.039565,0.037037,0.047112,0.057131,0.03894,0.046855,0.051582,0.03805,0.058403
2016-03-07,0.067463,0.04915,0.057395,0.041344,0.049779,0.061323,0.063455,0.043165,0.051031,0.04409,0.04419,0.042631,0.03026,0.047835,0.064208,0.042185,0.047663,0.050783,0.046932,0.055119
2016-03-08,0.064867,0.043619,0.051822,0.045387,0.047752,0.05984,0.055681,0.042179,0.048795,0.042964,0.050982,0.041723,0.035861,0.046125,0.064476,0.06581,0.04598,0.048589,0.045365,0.052182
2016-03-09,0.058613,0.042629,0.051155,0.04472,0.054075,0.056136,0.052083,0.043156,0.04929,0.042071,0.050456,0.042686,0.029436,0.044753,0.074998,0.070901,0.044901,0.054003,0.04411,0.049827
2016-03-10,0.064631,0.043897,0.059064,0.052137,0.053995,0.062238,0.055589,0.044369,0.050212,0.043397,0.042963,0.040931,0.023365,0.038703,0.071783,0.068357,0.035748,0.037785,0.050113,0.060722
2016-03-11,0.059627,0.043586,0.056666,0.049793,0.051374,0.058137,0.052652,0.038391,0.048225,0.042474,0.042105,0.040365,0.024777,0.039619,0.090093,0.063083,0.044378,0.049607,0.048143,0.056903
2016-03-14,0.056192,0.046001,0.054696,0.050224,0.051271,0.055629,0.052108,0.042306,0.049175,0.045223,0.044963,0.043729,0.03169,0.043194,0.07427,0.058708,0.046551,0.0501,0.04912,0.054847
2016-03-15,0.069486,0.045604,0.053023,0.049228,0.055457,0.05381,0.050832,0.042399,0.048332,0.044933,0.044708,0.035546,0.03297,0.048842,0.0718,0.056393,0.046079,0.049123,0.048285,0.053151
2016-03-16,0.075659,0.046978,0.052921,0.049377,0.05503,0.053604,0.047986,0.04356,0.049333,0.045818,0.041378,0.03522,0.034878,0.045356,0.068905,0.055838,0.046834,0.049516,0.04878,0.053032
2016-03-17,0.0705,0.044754,0.052347,0.044244,0.056072,0.052935,0.047108,0.044428,0.049243,0.046174,0.045034,0.038304,0.035048,0.051034,0.070256,0.05485,0.047064,0.049402,0.048762,0.052442
2016-03-18,0.065008,0.045459,0.052104,0.0459,0.055317,0.068197,0.040815,0.04517,0.049403,0.046712,0.045706,0.041936,0.036744,0.050964,0.067315,0.054265,0.047495,0.049542,0.038422,0.053527
2016-03-21,0.065091,0.051679,0.045199,0.040956,0.05342,0.061331,0.047111,0.045672,0.04958,0.047781,0.04269,0.052288,0.040784,0.050608,0.060807,0.052748,0.048308,0.049672,0.042003,0.052273
2016-03-22,0.063329,0.05357,0.047753,0.042011,0.052943,0.059707,0.044124,0.046192,0.049615,0.048044,0.04366,0.051965,0.041857,0.050509,0.059262,0.052363,0.048505,0.049695,0.042944,0.051953
2016-03-23,0.075727,0.055275,0.064933,0.044029,0.052716,0.058532,0.040526,0.046813,0.049818,0.048442,0.041404,0.051867,0.042964,0.050599,0.042501,0.03933,0.048846,0.049888,0.043934,0.051856
2016-03-24,0.071574,0.054754,0.06351,0.045822,0.05064,0.057336,0.042119,0.047201,0.049829,0.048629,0.0425,0.051608,0.043804,0.044256,0.039863,0.040561,0.059842,0.04989,0.044664,0.051598
2016-03-28,0.098336,0.054457,0.049524,0.051903,0.044628,0.047928,0.044892,0.042862,0.044216,0.043602,0.040355,0.045116,0.041062,0.085882,0.038897,0.043701,0.04912,0.044247,0.044158,0.045112
2016-03-29,0.086578,0.053216,0.051513,0.061158,0.043873,0.046683,0.05087,0.042357,0.041429,0.042993,0.040192,0.044565,0.040804,0.077568,0.04405,0.043078,0.059719,0.043547,0.041519,0.044286
2016-03-30,0.10663,0.053236,0.049451,0.060793,0.043,0.046506,0.045178,0.041704,0.040908,0.042249,0.039843,0.043591,0.04037,0.07062,0.050674,0.045353,0.056241,0.042722,0.037577,0.043353
2016-03-31,0.09976,0.047138,0.049292,0.065232,0.045085,0.046726,0.05303,0.042497,0.04179,0.04298,0.040841,0.044166,0.041311,0.067219,0.050956,0.045716,0.055134,0.043399,0.038811,0.038918
2016-04-01,0.091551,0.047668,0.049558,0.063248,0.045855,0.047305,0.052814,0.043555,0.042923,0.043985,0.042073,0.04504,0.042495,0.064922,0.051011,0.046413,0.054634,0.044358,0.040247,0.040344
