Date,AAPL,MSFT,GOOG,FB,INTC,CSCO,AMZN,WMT,KO,DIS,JPM,BAC,WFC,C,XOM,CVX,JNJ,PFE,BA,GE,DJIA
2013-12-23,75.7769,33.2009,555.468,57.77,22.5622,19.089,402.92,70.3852,35.9327,69.9054,52.7496,14.9796,40.6325,51.214,86.9741,105.4208,82.9421,26.5427,122.985,24.4036,16294.6104
2013-12-24,75.4552,33.6179,553.8441,57.96,22.6602,19.1952,399.2,70.5118,35.9595,70.4491,52.7586,14.9891,40.7942,51.2335,87.6009,106.0303,82.9692,26.4902,123.3728,24.5906,16357.5498
2013-12-26,74.9541,33.9443,556.6436,57.73,22.9008,19.2926,404.39,70.8552,36.228,71.1836,52.7133,14.9414,40.9291,51.1553,89.0842,107.1463,83.4018,26.7176,124.6712,24.7865,16479.8809
2013-12-27,74.4477,33.8083,557.1118,55.44,22.8117,19.4873,398.08,70.9276,36.3801,70.9261,52.659,14.9605,40.8931,51.0674,89.6228,107.5069,83.2305,26.7963,123.4359,24.7865,16478.4102
2013-12-30,73.7073,33.8083,552.6585,53.71,23.0345,19.6908,393.37,71.0722,36.7648,72.7195,52.4869,14.8364,40.8931,50.7351,88.5633,106.6484,83.1855,26.84,122.5523,24.84,16504.2891
2013-12-31,74.5713,33.9171,558.2625,54.65,23.1325,19.8501,398.79,71.1264,36.9616,72.8817,52.9669,14.865,40.8032,50.9208,89.3491,107.2322,82.5456,26.7876,123.0662,24.9647,16576.6602
2014-01-02,73.5225,33.6905,554.4817,54.71,22.981,19.6183,397.97,71.3253,36.3801,72.7577,53.0672,15.371,40.4617,51.0772,88.0689,106.5711,82.0409,26.6389,123.2285,24.4926,16441.3496
2014-01-03,71.9076,33.4638,550.4368,54.56,22.9721,19.6004,396.44,71.0903,36.2011,72.605,53.4774,15.667,40.7493,52.1814,87.857,106.7514,82.7799,26.6914,124.085,24.4748,16469.9902
2014-01-06,72.2996,32.7566,556.5739,57.2,22.6869,19.6272,393.63,70.6926,36.0311,72.3284,53.7874,15.9056,40.8212,52.582,87.9894,106.4681,83.2125,26.7176,124.7974,24.2789,16425.0996
2014-01-07,71.7826,33.0105,567.3036,57.92,22.8028,19.8947,398.03,70.9095,36.1385,72.8244,53.1675,15.7529,40.8032,52.9436,89.2343,107.3695,84.979,26.8838,126.6908,24.3056,16530.9395
2014-01-08,72.2372,32.4212,568.4842,58.23,22.6602,19.8769,401.92,70.3491,35.7358,71.756,53.6689,15.8293,41.2706,53.5592,88.9429,105.8414,84.8618,27.0674,126.9703,24.2343,16462.7402
2014-01-09,71.3147,32.2127,563.0097,57.22,22.5533,19.6985,401.01,70.5841,35.548,71.4507,53.5686,16.0679,41.4863,53.9403,88.0777,105.8414,85.3755,27.0499,128.1515,24.2432,16444.7598
2014-01-10,70.8389,32.675,562.9798,57.94,22.7493,19.8144,397.66,70.5389,35.9058,71.9182,53.3225,16.0107,41.2885,53.4713,88.7487,103.8841,85.3845,26.84,127.9441,24.0117,16437.0508
2014-01-13,71.2097,31.714,559.3932,55.91,22.7226,19.7877,390.98,70.0418,35.369,69.8958,52.6023,15.6861,40.947,52.4941,87.0094,102.3732,85.1682,26.7088,126.8622,23.8068,16257.9404
2014-01-14,72.6267,32.4393,572.554,57.74,23.6226,19.9839,397.54,70.4666,35.5122,71.0215,52.6387,16.0107,40.974,52.7188,87.5127,102.6479,85.3665,27.1111,126.24,24.0206,16373.8604
2014-01-15,74.0848,33.3278,572.1654,57.6,23.7651,20.3138,395.87,70.1954,35.5748,70.8593,54.2341,16.3735,41.702,53.7351,87.2125,102.3131,85.4386,27.2686,126.79,24.3501,16481.9395
2014-01-16,73.6714,33.4457,575.9512,57.19,23.6493,20.3138,395.8,69.3819,35.5301,70.7925,53.7783,16.3066,41.693,51.3996,87.3537,102.0126,85.2944,27.2598,126.4203,24.2254,16417.0098
2014-01-17,71.8663,32.9833,573.1168,56.3,23.0345,20.2781,399.61,68.8667,35.1453,70.5731,52.976,16.2398,41.693,51.0772,87.548,102.4075,85.6729,27.1898,126.6457,23.6732,16458.5605
2014-01-21,72.9829,32.7929,579.6772,58.51,22.8028,20.3584,407.05,68.5504,35.7179,70.783,53.0307,16.2398,41.7918,50.6667,86.9652,103.3261,84.7446,27.3123,127.7367,23.4149,16414.4395
2014-01-22,73.3072,32.5753,580.3348,57.51,22.5533,20.3673,404.54,68.1074,35.7,71.8418,52.502,16.3735,41.9446,50.7156,86.4178,103.3862,85.006,27.3473,130.1712,23.1478,16373.3398
2014-01-23,73.9279,32.6932,577.884,56.63,22.3929,20.1176,399.87,67.7549,35.1095,71.3458,51.4809,16.0966,41.657,49.5625,85.6144,101.6349,83.582,27.1199,127.4122,22.9963,16197.3496
2014-01-24,72.5841,33.3732,559.8166,54.45,22.1077,19.7966,387.6,67.2668,34.7516,69.3711,50.2228,15.7051,40.8751,48.2043,83.7427,99.8321,81.6623,26.3153,123.2105,22.2215,15879.1104
2014-01-27,73.1729,32.666,548.5588,53.55,22.0275,19.6183,386.28,67.0228,34.6532,68.9228,50.2228,15.5715,40.9201,47.6961,83.8045,99.9523,81.0585,25.9392,123.8506,22.3284,15837.8799
2014-01-28,67.3244,32.8836,559.4082,55.14,22.1879,19.3953,394.43,67.4928,34.7785,69.5238,50.8154,15.9725,41.3065,48.4681,84.449,100.3043,81.2027,26.6039,123.6072,22.6757,15928.5596
2014-01-29,66.5601,33.2371,551.3932,53.53,21.9919,19.3062,384.2,66.9776,33.9106,68.0451,50.624,15.9247,40.974,46.9828,83.9722,99.5831,80.1212,26.3328,117.0161,22.5243,15738.79
2014-01-30,66.4312,33.4185,565.5751,61.08,22.0454,19.6004,403.01,67.5651,34.1522,69.8481,51.0524,16.1634,41.3874,47.2076,82.9834,99.9695,80.662,26.9537,114.0858,22.7113,15848.6104
2014-01-31,66.5402,34.307,588.28,62.57,21.8671,19.538,358.69,67.5019,33.839,69.2662,50.469,15.9916,40.7493,46.3573,81.3677,95.8316,79.7337,26.5864,112.9407,22.3818,15698.8496
2014-02-03,66.6638,33.074,564.5988,61.48,21.3414,19.217,346.15,65.676,33.2843,66.7669,49.5118,15.6097,39.9314,45.2919,79.5048,95.411,78.2106,26.7613,110.9751,21.6871,15372.7998
2014-02-04,67.6288,32.9561,566.9549,62.75,21.2256,19.4399,347.95,65.7393,33.5348,67.778,50.0952,15.6097,40.237,45.722,79.4783,95.1448,78.0664,27.4959,110.0374,21.883,15445.2402
2014-02-05,68.1339,32.4756,569.4655,62.19,21.1581,19.6004,346.45,65.8658,33.6511,68.4553,50.3322,15.6574,40.0199,45.9956,79.0898,94.0202,78.6612,27.0286,109.4603,21.8385,15440.2305
2014-02-06,68.5311,32.802,577.8142,62.16,21.5809,20.0552,354.59,65.8206,34.0269,72.0804,51.49,15.9343,40.5175,47.1587,79.8456,95.5225,79.986,27.1961,110.6054,22.2215,15628.5303
2014-02-07,69.4898,33.1465,586.5215,64.32,21.7788,20.2157,361.08,66.6612,33.9553,72.1853,51.6177,16.0584,41.0513,48.2241,80.5391,96.1921,81.1486,27.5312,114.5276,22.4352,15794.0801
2014-02-10,70.7347,33.3641,584.275,63.55,21.8508,20.3584,360.87,66.6703,34.51,73.5113,51.7271,15.9629,41.1871,48.2045,79.5966,95.8831,82.0769,27.7517,114.6538,22.3105,15801.79
2014-02-11,71.6667,33.6995,592.8678,64.85,22.0127,20.2514,361.79,67.6103,34.5727,74.2076,52.3561,16.1157,41.5942,48.5368,80.7703,97.5056,83.7893,28.1132,117.3588,22.649,15994.7695
2014-02-12,71.6614,33.9715,591.1293,64.45,22.0847,20.3762,349.25,67.7549,34.4564,74.3221,52.4382,15.9916,41.6123,48.83,80.9837,97.0293,83.2936,27.8751,116.18,22.6134,15963.9404
2014-02-13,72.7993,34.0984,597.7097,67.33,22.2196,19.859,357.2,68.1165,34.5816,74.3126,52.9031,15.9916,41.6033,48.7323,81.2949,97.445,83.4198,27.9545,117.4222,22.6579,16027.5898
2014-02-14,72.7405,34.1075,599.1542,67.09,22.2736,20.1176,357.35,68.5052,34.8322,75.5813,53.0125,15.9438,41.739,48.4,83.6778,98.2851,83.6001,28.1661,118.0207,22.9251,16154.3896
2014-02-18,73.0079,34.1806,603.1791,67.3,22.2736,19.9839,353.65,68.0894,33.5258,75.9152,53.3225,15.7242,41.739,48.2632,83.6423,97.6182,83.0683,28.1132,118.4468,22.8449,16130.4004
2014-02-19,71.8553,34.2628,598.9251,68.06,22.0397,19.8679,347.38,67.6555,33.1948,75.2379,52.2011,15.4665,41.1961,47.1001,83.5355,98.3891,82.5906,27.7605,116.4158,22.6223,16040.5596
2014-02-20,71.0235,34.482,599.8068,69.63,22.2556,19.8858,349.8,66.4534,33.3737,75.5432,52.4929,15.5619,41.2866,47.0414,84.7981,99.2552,83.2576,27.8222,117.4766,22.5684,16133.2305
2014-02-21,70.2346,34.6921,599.6474,68.59,21.9677,19.7342,346.76,66.0918,33.2664,76.4399,52.5202,15.5524,41.2595,47.1685,84.4958,97.5922,83.076,27.7429,116.316,22.4067,16103.2998
2014-02-24,70.5422,34.4272,603.9911,70.78,22.1566,19.7253,351.78,66.2997,33.5527,77.0123,52.9031,15.7815,41.6938,47.8722,85.7495,98.8654,82.7038,28.2102,117.5038,22.7211,16207.1396
2014-02-25,69.8081,34.2902,607.7221,69.85,22.1476,19.4756,358.32,66.2997,33.7943,76.5162,51.9915,15.6001,41.6938,47.3053,85.6339,99.5756,82.7038,28.122,114.9559,22.7031,16179.6602
2014-02-26,69.1782,34.2263,607.8068,69.26,22.3096,19.5558,359.8,67.5922,33.8837,76.3922,51.7362,15.5906,41.6666,47.2271,85.1716,100.0433,82.7038,28.2102,114.8018,22.7301,16198.4102
2014-02-27,70.5582,34.5825,607.3286,68.94,22.2736,19.5469,360.13,67.3934,34.0627,76.7738,51.6815,15.7433,41.6666,47.5888,85.216,100.1992,82.9308,28.4219,116.5699,22.9098,16272.6504
2014-02-28,70.367,34.9935,605.5552,68.46,22.2736,19.4399,362.1,67.5199,34.179,77.0886,51.8,15.7815,42.0014,47.5301,85.5984,99.8874,83.6207,28.3161,116.8963,22.8828,16321.71
2014-03-03,70.5702,34.5094,599.0994,67.41,22.0397,19.2348,359.78,66.9957,34.1074,75.8007,51.2439,15.5619,41.7571,46.5332,84.9137,99.463,83.1123,28.2014,116.2616,22.5684,16168.0303
2014-03-04,71.0356,35.0849,605.1866,68.8,22.1386,19.4577,363.9,67.9086,34.2774,77.9471,52.2011,15.9725,42.2909,47.7256,85.8207,99.8787,84.7281,28.8275,118.0841,23.0445,16395.8809
2014-03-05,71.1853,34.8109,606.8553,71.57,22.0397,19.5023,372.37,67.6103,34.3132,78.8725,53.0216,16.4788,42.6076,48.3022,83.4022,99.1079,84.0473,28.8804,116.7784,23.2961,16360.1797
2014-03-06,70.9701,34.8474,607.5278,70.84,22.1566,19.4577,372.16,67.6826,34.4206,79.5021,53.6962,16.5743,42.8338,48.5857,83.3666,99.4717,84.3196,28.6247,116.8419,23.5566,16421.8906
2014-03-07,70.9286,34.619,605.1268,69.8,22.1656,19.3775,372.06,67.8464,34.4922,78.4241,54.1521,16.5552,43.3858,48.4977,84.4603,99.6709,84.7099,28.5982,116.5518,23.4758,16452.7207
2014-03-10,70.9928,34.546,603.5228,72.03,22.3455,19.3418,370.53,67.7099,34.5816,78.1952,53.9697,16.6889,43.5667,48.4489,84.9137,100.3291,84.8279,28.563,115.0556,23.3949,16418.6797
2014-03-11,71.6841,34.7286,597.7545,70.1,22.2466,19.2705,368.82,68.1557,34.7158,77.3175,53.049,16.4979,43.2591,47.3346,83.5889,99.1772,84.8642,28.5894,113.9494,23.2691,16351.25
2014-03-12,71.7536,34.957,601.3958,70.88,22.2736,19.4577,370.64,68.7106,34.6933,77.6323,52.8028,16.5074,43.5396,46.8948,83.7667,100.1646,84.9641,28.2014,112.8251,23.1434,16340.0801
2014-03-13,70.9567,34.6099,592.3099,68.83,22.1026,19.1902,371.51,68.1648,34.2424,76.2491,52.347,16.3928,43.2862,46.2595,83.2599,99.1252,84.4195,27.443,110.522,22.766,16108.8896
2014-03-14,70.1597,34.4363,584.2103,67.72,22.0397,19.0386,373.74,67.5735,34.4228,76.3827,51.7818,16.0489,42.8881,45.8197,83.1088,98.8221,84.247,27.54,111.6282,22.5594,16065.6699
2014-03-17,70.4339,34.756,593.8242,68.74,22.2196,19.1813,375.04,67.9373,34.5129,77.6419,52.4929,16.345,43.5486,46.6505,83.8645,99.6622,85.2637,27.7076,113.7227,22.8469,16247.2197
2014-03-18,71.0569,36.1262,603.3684,69.19,22.3275,19.2883,378.77,68.0192,34.6302,78.2142,52.9305,16.4215,43.7929,47.0512,84.2113,100.6756,85.2727,28.1573,112.4714,23.0445,16336.1904
2014-03-19,71.0382,35.8704,597.3859,68.24,22.5075,19.2883,373.23,67.6644,34.3957,76.8119,53.1492,16.6603,43.2591,47.8331,83.34,99.7748,84.955,27.9633,110.8393,22.7121,16222.1699
2014-03-20,70.6959,36.8387,596.3447,66.97,22.8763,19.4667,368.97,68.5741,34.6753,77.0886,54.7993,17.1188,44.363,49.0841,84.0957,100.0433,85.4362,28.1397,112.1904,22.7031,16331.0498
2014-03-21,71.2535,36.6834,589.3111,67.24,22.6424,19.2972,360.62,69.2291,34.6662,76.6498,54.854,16.7749,44.4444,48.9473,83.8556,100.1472,87.0791,28.3778,111.1476,22.8199,16302.7695
2014-03-24,72.0986,36.994,576.803,64.1,22.5974,19.2348,351.85,69.8296,34.6302,75.8294,55.6745,16.5934,44.3177,48.918,84.1491,100.3378,86.4165,27.7693,111.9093,22.8289,16276.6904
2014-03-25,72.8742,36.8478,577.1965,64.89,22.9033,19.9215,354.71,69.9296,34.8286,75.8866,55.5469,16.4406,44.2996,49.1623,84.3891,101.4117,88.3953,28.0603,112.4533,23.0895,16367.8799
2014-03-26,72.1775,36.3454,563.8715,60.39,22.8313,19.9036,343.41,69.3474,34.8196,74.9994,54.6079,16.4119,43.8834,49.0255,84.2024,101.9487,88.0958,28.3778,112.009,23.0176,16268.9902
2014-03-27,71.8673,35.9526,556.931,60.97,22.7683,19.6361,338.47,69.2655,35.0089,74.8659,54.6261,16.2495,44.4263,46.3768,85.5717,101.9141,88.3046,28.3072,111.7189,23.1883,16264.2305
2014-03-28,71.7871,36.8113,558.4568,60.01,23.0472,19.9125,338.29,69.1473,35.1262,75.3524,54.7355,16.2208,44.5982,46.1813,86.8699,102.6329,88.4498,28.1132,112.8523,23.2512,16323.0596
2014-03-31,71.771,37.4415,555.445,60.24,23.2181,19.9928,336.37,69.5294,34.8646,76.3827,55.3463,16.431,45.0054,46.5234,86.8521,102.988,89.1669,28.3249,113.7862,23.2601,16457.6602
2014-04-01,72.4275,37.8343,565.6071,62.62,23.3801,20.7752,342.99,69.8387,34.6392,77.8136,55.3099,16.5648,45.0325,46.7189,86.8965,103.066,88.9037,28.175,116.2525,23.2422,16532.6094
2014-04-02,72.5479,37.7704,565.4476,62.72,23.2901,20.6763,341.96,70.2116,34.567,77.909,55.4842,16.4597,45.0235,47.1489,87.0921,103.3691,89.1669,28.4748,116.3432,23.3949,16573.0
2014-04-03,72.0451,37.4598,568.1801,59.49,23.7579,20.7662,333.62,70.4664,34.3326,77.9281,55.6493,16.3832,45.0868,46.6016,87.0744,103.1006,89.1942,28.5718,116.7694,23.5656,16572.5508
2014-04-04,71.1131,36.4185,541.6529,56.75,23.533,20.4245,323.0,70.3299,34.4678,76.7261,54.8695,15.9725,44.8425,46.0445,86.5675,102.8928,89.3394,28.3601,115.5,23.3769,16412.7109
2014-04-07,69.9966,36.3546,536.6766,56.95,23.8298,20.5504,317.76,70.3299,34.8286,75.4859,54.1264,15.6477,44.0282,45.4972,86.0518,101.6283,88.8583,27.5136,113.8769,23.2242,16245.8701
2014-04-08,69.9926,36.3728,553.3807,58.19,24.2077,20.6313,327.07,71.1214,35.0811,75.9057,53.9888,15.705,44.182,45.546,86.6476,102.0267,89.0126,27.2226,112.5712,23.1344,16256.1396
2014-04-09,70.9126,36.9666,562.5954,62.41,24.2706,20.7932,331.81,70.9303,35.1623,76.7642,54.3741,15.8769,44.4263,46.0934,86.5409,103.1526,89.8205,27.54,115.0466,23.3141,16437.1797
2014-04-10,69.9979,35.9526,539.4689,59.16,23.7759,20.3705,317.11,69.9478,35.0721,73.9405,52.6586,15.3993,43.1686,45.1844,86.0518,101.0653,87.6328,26.9933,112.1087,22.9816,16170.2197
2014-04-11,69.4805,35.8156,529.1472,58.53,23.551,20.1996,311.73,69.593,34.8376,73.4636,50.7321,15.0649,43.5034,44.6468,85.9985,101.3598,87.9324,26.3319,110.6852,22.8469,16026.75
2014-04-14,69.7572,35.7882,531.062,58.89,23.8928,20.5504,315.91,70.3936,34.9278,74.0455,50.4201,15.2847,43.5305,46.5918,87.0121,102.8062,88.1775,26.3407,111.7551,23.0984,16173.2402
2014-04-15,69.2598,36.3089,534.9713,59.09,24.0817,20.5864,316.08,69.9387,36.2354,74.0836,50.2734,15.6572,44.1368,47.2174,87.7412,104.1919,90.0474,26.3584,112.68,23.1973,16262.5596
2014-04-16,69.4002,36.9026,555.0162,59.72,24.2257,20.7123,323.68,70.248,36.6052,75.3142,50.6954,15.4088,44.4172,47.0903,88.8616,105.5171,89.639,26.5347,114.2849,23.4668,16424.8496
2014-04-17,70.1932,36.5464,534.6321,58.94,24.3246,20.8742,324.91,70.6483,36.7224,76.3063,50.6587,15.428,44.2725,47.1294,89.2884,107.1193,89.8296,26.6758,115.9896,23.8621,16408.5391
2014-04-21,71.0262,36.4824,527.1727,61.24,24.2437,21.045,330.87,70.5937,36.7495,75.4669,50.4844,15.3706,44.4444,46.758,89.7418,107.6044,90.7736,27.2137,115.8989,23.889,16449.25
2014-04-22,71.0971,36.5281,533.3457,63.03,24.1447,21.153,329.32,70.5573,36.7134,75.7912,51.1999,15.5617,44.5439,46.9339,89.2439,107.3965,90.937,27.3372,115.6541,23.8801,16514.3691
2014-04-23,70.1677,36.2541,525.4973,61.36,24.0637,21.135,324.58,70.994,36.7314,75.858,51.4201,15.6381,44.8696,47.3053,89.3595,107.9941,90.9733,27.2667,118.4468,23.7363,16501.6504
2014-04-24,75.9202,36.4094,523.7221,60.87,24.0637,20.9821,337.15,71.2396,36.7044,75.9248,51.5485,15.6095,44.6254,47.2369,88.9238,107.6563,90.7373,27.0815,117.7487,23.7723,16501.6504
2014-04-25,76.4778,36.455,514.7667,57.71,23.6229,20.6853,303.83,71.5216,36.9839,74.6274,51.099,15.2369,44.3811,46.67,89.2795,107.3878,90.583,27.1167,116.6606,23.898,16361.46
2014-04-28,79.4396,37.3319,515.7341,56.14,23.6859,20.7033,296.58,72.5587,37.002,74.1981,50.9064,14.2816,44.2815,46.2302,89.9552,108.8948,91.99,28.2543,115.1917,24.0597,16448.7402
2014-04-29,79.2043,37.0031,526.2552,58.15,23.8208,20.8292,300.38,72.4768,36.5871,75.0185,51.466,14.5586,44.7611,47.0707,90.2042,109.1027,91.7086,28.0074,116.3976,24.0418,16535.3691
2014-04-30,78.9048,36.9026,525.218,59.78,24.0098,20.7842,304.13,72.5132,36.7855,75.6863,51.3559,14.4631,44.9149,46.8264,91.0578,108.713,91.9446,27.5841,116.987,24.1586,16580.8398
2014-05-01,79.0907,36.5372,529.8952,61.15,23.7939,20.6943,307.89,72.5041,36.7765,75.8961,51.1174,14.4153,44.9149,46.6895,90.1686,108.2106,91.2547,27.4695,116.4792,24.0508,16558.8691
2014-05-02,79.2377,36.2541,526.4846,60.46,23.7579,20.6313,308.01,71.9765,36.9298,76.6116,50.9889,14.5682,44.8606,46.6602,90.7021,108.0201,90.1473,27.1167,117.8212,23.9699,16512.8906
2014-05-05,80.3583,36.0166,526.3649,61.22,23.7443,20.6493,310.05,71.5216,36.7585,77.4797,49.7413,14.4058,44.8425,46.1225,91.5023,108.5744,90.7736,26.4201,119.6528,23.8801,16530.5508
2014-05-06,79.4825,35.6786,513.7296,58.53,23.7715,20.4335,297.38,70.9667,36.515,77.2984,48.934,14.0714,44.4172,45.3209,91.2889,108.2366,90.3288,25.9527,118.6282,23.5297,16401.0195
2014-05-07,79.2043,36.0074,508.5638,57.39,23.9257,20.5684,292.71,71.3603,36.8938,76.5925,49.5853,14.1383,45.0096,45.6533,91.6802,109.3279,91.5997,25.8193,118.8561,23.8351,16518.5391
2014-05-08,79.0631,36.2084,509.6009,56.76,23.8985,20.7033,288.32,72.0285,36.7314,77.8422,49.8697,14.2625,44.9549,46.0834,90.9777,108.3405,91.2275,25.9527,119.0567,23.7543,16550.9707
2014-05-09,78.7337,36.1171,517.3098,57.24,23.8622,20.7033,292.24,72.4953,36.8577,78.1761,49.5486,14.081,44.7271,45.9368,91.2642,108.2886,91.5997,25.8281,119.54,23.7363,16583.3398
2014-05-12,79.7139,36.5098,528.4691,59.83,23.9257,20.8562,302.86,72.4495,36.8126,78.6244,50.1358,14.3962,45.3468,46.2105,91.5148,108.4705,91.2456,25.9171,120.9077,24.1226,16695.4707
2014-05-13,79.839,37.1813,531.6304,59.83,23.9983,20.5594,304.64,72.4404,37.0741,78.3001,50.1082,14.358,45.3924,46.3572,91.6312,108.9988,91.6995,25.9794,121.6828,24.1855,16715.4395
2014-05-14,79.8538,37.0158,525.2081,59.23,23.8894,20.5144,297.62,72.0743,36.8757,77.1935,49.8697,14.1765,44.9185,46.0639,91.5686,109.4925,91.5634,25.8904,121.2634,24.0418,16613.9707
2014-05-15,79.1747,36.4271,518.5563,57.92,23.5991,21.7465,295.19,70.326,36.542,76.459,49.0899,13.8995,44.6815,45.4773,90.2168,108.1473,91.4,25.8548,119.6403,23.898,16446.8105
2014-05-16,80.3432,36.6386,519.2045,58.02,23.4267,21.9174,297.7,70.4907,36.8757,76.6879,48.9064,13.8613,44.7271,45.3991,90.181,107.597,91.3001,25.9082,119.2756,23.9609,16491.3105
2014-05-19,81.2952,36.565,527.412,59.21,23.6263,21.8994,296.76,70.1246,36.7134,77.3175,49.3835,14.0141,45.1007,45.7217,90.2974,107.3961,91.3546,26.0506,119.768,23.907,16511.8594
2014-05-20,81.3114,36.5006,528.3195,58.56,23.6263,21.6926,301.19,69.2825,36.5962,77.3557,49.2826,13.8804,44.6177,45.5067,90.1184,107.003,91.0005,26.0239,118.154,23.6285,16374.3096
2014-05-21,81.5265,37.117,537.4644,60.49,23.7715,22.0164,305.01,69.255,36.8577,78.405,49.6495,13.9568,45.2648,45.7999,91.3358,108.453,91.8084,26.3086,119.4124,23.7992,16533.0605
2014-05-22,81.6556,36.887,543.5676,60.52,23.7261,21.9264,304.91,69.0079,36.5962,78.5577,50.044,14.0523,45.5564,46.0834,90.8614,107.9901,92.2837,26.3887,120.2148,23.8172,16543.0801
2014-05-23,82.578,36.9054,551.1867,61.35,23.8531,22.0523,312.24,69.2092,36.5962,79.483,50.0256,14.0619,45.7113,46.2301,90.7002,107.7629,92.302,26.2374,120.7345,23.8172,16606.2695
2014-05-27,84.1243,36.9698,564.4005,63.48,24.2342,22.2232,310.82,69.1909,36.7675,79.8836,50.5853,14.5395,46.0667,46.5038,90.736,107.3,92.1466,26.3442,122.3393,23.8711,16675.5
2014-05-28,83.9065,36.8042,560.1422,63.51,24.3885,22.3221,310.16,69.136,36.5962,79.7501,50.8697,14.4631,45.9665,46.2594,90.4675,107.0205,91.6805,26.3442,122.4852,23.9519,16633.1797
2014-05-29,85.4353,37.1078,558.5465,63.83,24.461,22.1962,313.78,69.5479,36.6683,80.1603,51.1174,14.4727,45.8116,46.2203,90.6555,106.8458,92.1009,26.3353,123.2238,24.0238,16698.7402
2014-05-30,85.1153,37.6597,558.3571,63.3,24.7877,22.1423,312.55,70.271,36.8938,80.1412,50.9797,14.4631,46.2763,46.5038,89.993,107.2563,92.7408,26.362,123.3241,24.0687,16717.1699
2014-06-02,84.5304,37.5217,552.4133,63.08,24.7332,22.2862,308.84,70.2619,36.8487,80.3892,50.7779,14.5777,46.5588,46.6895,89.4649,106.7497,93.3898,26.4331,123.9167,24.1047,16743.6309
2014-06-03,85.7258,37.0618,543.4479,62.87,25.0962,22.1962,307.19,70.2161,36.8667,80.0172,51.0073,14.53,46.5588,47.1099,89.8677,107.0467,93.6548,26.3264,123.8985,24.0687,16722.3398
2014-06-04,86.7047,37.0894,543.1687,63.34,25.0417,22.0343,306.78,70.6006,36.7855,80.3606,51.0807,14.53,46.5133,46.8068,89.5544,106.872,93.8559,26.3709,123.397,23.8531,16737.5293
2014-06-05,87.0449,37.9081,552.3834,63.19,25.0962,22.2142,323.57,70.7745,36.8757,80.8758,51.9522,14.7401,47.0509,47.54,90.0109,107.894,94.3495,26.4776,124.7557,24.0508,16836.1094
2014-06-06,86.8055,38.1564,554.8068,62.5,25.5589,22.3311,329.67,70.6738,36.9659,80.7136,52.2641,14.893,47.3699,47.8333,90.9509,108.4792,94.313,26.1751,126.0596,24.4191,16924.2793
2014-06-09,88.1945,37.9632,560.5809,62.88,25.323,22.3042,327.5,70.4907,36.8938,81.5435,52.6769,15.1318,47.8529,48.4688,90.8793,108.6364,94.3495,26.1129,125.7951,24.6527,16943.0996
2014-06-10,88.7122,37.8161,559.0152,65.77,25.6224,22.484,332.41,70.1337,37.0381,80.8471,53.1173,15.2082,47.9258,48.2244,90.8256,109.4837,95.1539,26.2463,125.1477,24.6258,16945.9199
2014-06-11,88.3451,37.5861,557.3099,65.78,25.3411,22.52,335.2,69.7127,36.8487,80.4274,52.5393,14.893,47.6068,47.716,91.2642,109.344,94.4409,26.184,122.2755,24.3922,16843.8809
2014-06-12,86.8674,37.3285,549.8404,64.29,25.3683,22.1782,325.91,69.3191,36.726,78.9869,52.3283,14.7306,47.1238,47.1881,91.0046,110.1563,93.7188,26.2018,120.5339,24.2215,16734.1895
2014-06-13,85.9167,37.9264,550.2493,64.5,27.1013,22.2142,326.27,68.9072,36.6806,78.9869,52.3283,14.7497,47.297,46.5233,91.8908,111.1608,93.7188,26.273,120.625,24.2933,16775.7402
2014-06-16,86.7827,38.1748,542.7898,64.19,27.2283,22.0613,327.62,68.9621,36.9441,79.4639,52.1724,14.5969,46.5588,46.5722,92.1325,112.2789,93.6457,26.3442,120.853,24.0957,16781.0098
2014-06-17,86.6697,38.3404,541.5233,64.4,27.1739,22.0343,325.62,68.6417,37.1803,79.3304,52.6769,14.893,47.0783,46.7189,91.6849,112.5322,93.1704,26.2285,120.771,24.1406,16808.4902
2014-06-18,86.7638,38.3128,551.8549,65.6,27.1557,22.1513,334.38,69.2916,37.7618,79.731,53.0072,14.9503,47.4246,46.8557,91.9624,113.7988,93.9748,26.4331,120.7983,24.1586,16906.6191
2014-06-19,86.4626,38.184,553.3807,64.34,27.3009,22.2232,327.0,69.4472,37.9708,79.9123,52.5668,14.8548,47.4063,46.494,91.8729,115.2925,94.8888,26.3264,121.1083,24.3941,16921.4609
2014-06-20,85.5685,38.3404,554.8367,64.5,27.4007,22.3311,324.2,69.2733,37.8799,79.006,52.7962,14.7687,48.1992,46.2789,92.9472,115.5982,96.2234,26.4954,120.4518,24.4303,16947.0801
2014-06-23,85.4931,38.6256,563.4032,65.37,27.4279,22.2142,327.24,69.374,37.9163,78.9488,53.3833,14.9504,48.2812,46.9828,93.4395,116.1572,95.748,26.2018,119.3121,24.1676,16937.2598
2014-06-24,84.9755,38.4048,563.0741,65.72,27.6729,22.0613,324.16,69.5387,38.0253,78.8725,52.6769,14.807,47.8347,46.7384,91.9624,115.1003,95.6018,26.0684,117.7619,24.077,16818.1309
2014-06-25,85.0508,38.6623,577.0657,67.44,28.0177,22.2322,327.44,69.2184,38.1253,80.0363,52.7778,14.7879,47.9349,46.7482,91.4343,114.6286,96.6713,26.5132,115.8562,23.9321,16867.5098
2014-06-26,85.5591,38.3772,574.4229,67.13,27.927,22.1692,325.69,68.5685,38.1889,80.5609,52.6494,14.7305,47.7253,46.1714,91.3358,114.3578,96.5707,26.3264,116.7316,23.8144,16846.1309
2014-06-27,86.5756,38.8647,575.6595,67.6,28.0631,22.2142,324.57,68.9621,38.3342,81.3718,52.7778,14.654,48.2083,46.0834,90.6017,113.8687,95.9674,26.3976,117.2057,23.9412,16851.8398
2014-06-30,87.4698,38.3588,573.7049,67.29,28.0358,22.3491,324.78,68.715,38.4887,81.7916,52.8604,14.6923,47.8985,46.0443,90.1273,114.0346,95.6292,26.4065,116.0113,23.8053,16826.5996
2014-07-01,88.0251,38.5152,581.0746,68.06,28.1084,22.556,332.39,68.9072,38.4251,82.4879,53.1837,14.9121,48.0443,46.3963,90.736,114.0259,96.7718,26.7623,116.8501,23.914,16956.0703
2014-07-02,87.9875,38.5428,580.7406,66.45,28.1084,22.6828,332.85,69.2184,38.4251,82.4593,52.6295,15.1511,47.9896,46.9339,90.924,113.7551,96.7627,27.0204,116.3669,24.1042,16976.2402
2014-07-03,88.5051,38.4508,583.129,66.29,28.2536,22.8278,337.49,69.3374,38.3706,82.8409,52.7034,15.3232,48.2994,47.1588,91.8371,114.5937,96.3605,27.1627,117.1784,24.3307,17068.2598
2014-07-07,90.3312,38.6256,580.6558,65.29,28.1538,22.8641,333.55,69.6303,38.2888,82.6024,52.3523,15.2371,47.8438,46.9046,91.8908,113.9648,97.3202,27.1271,117.7072,24.231,17024.2109
2014-07-08,89.7476,38.4324,569.5264,62.76,27.936,22.7191,323.81,70.1612,38.1071,81.906,51.5117,14.893,47.6159,46.3572,92.052,113.4668,96.6347,26.8246,115.6101,23.8868,16906.6191
2014-07-09,89.7852,38.3312,574.5027,64.97,28.0268,23.0544,329.97,70.6738,38.1162,83.2034,51.7518,14.9121,47.5613,46.318,92.6965,114.7684,96.9272,26.7357,115.6101,23.8415,16985.6094
2014-07-10,89.4558,38.3496,569.5363,64.87,28.3625,23.0544,327.92,70.5365,38.3978,82.86,51.3269,14.7592,47.215,45.8488,91.8192,113.7726,96.7078,26.6912,115.6101,23.7328,16915.0703
2014-07-11,89.6252,38.7175,577.5942,66.34,28.3534,23.1269,346.2,70.3168,38.1344,82.8886,51.5486,14.7018,46.9234,45.9466,91.0762,112.2178,96.068,26.7534,116.7954,24.0499,16943.8105
2014-07-14,90.783,38.7635,583.2686,67.9,28.5711,23.0544,355.32,70.0697,38.5069,82.7646,52.0013,14.8835,46.7593,47.3348,91.9177,112.9078,96.3239,26.9047,118.0993,24.1495,17055.4199
2014-07-15,89.7194,39.0487,583.1789,67.17,28.7708,23.2628,354.44,70.3351,38.2525,82.1827,53.8304,15.1129,46.7958,48.1852,91.6581,112.9078,94.4044,27.0559,117.7164,24.1042,17060.6797
2014-07-16,89.2111,40.5481,581.0647,67.66,31.4382,23.5438,355.9,70.3534,38.2706,81.4195,54.2369,14.8261,46.6317,48.7034,92.8934,114.3316,93.4355,27.5453,116.1845,24.4756,17138.1992
2014-07-17,87.6204,40.962,572.1591,66.41,30.5763,23.2266,352.45,70.1246,38.1798,81.1142,53.4517,14.5298,46.1852,48.0777,91.5865,113.6241,91.7445,27.1805,114.7803,24.1042,16976.8105
2014-07-18,88.8816,41.1092,593.4507,68.42,30.5763,23.4803,358.66,70.5639,38.5523,81.8583,53.7935,14.807,46.732,48.4492,91.9624,113.8949,93.0516,27.3406,116.3851,23.9683,17100.1797
2014-07-21,88.4204,41.2472,587.856,69.4,30.9029,23.4259,359.76,70.271,38.5251,81.7916,53.8027,14.8357,46.5224,48.2439,92.2757,114.681,92.5671,27.0026,116.9869,23.5335,17051.7305
2014-07-22,89.1546,41.238,593.1116,69.27,31.5653,23.5166,360.84,70.152,37.4256,82.2399,54.1999,14.8357,46.7958,48.4883,92.6875,115.8078,93.664,27.1271,118.2999,23.5698,17113.5391
2014-07-23,91.4795,41.2748,594.3482,71.29,31.3021,23.2719,358.14,70.4724,37.0804,82.0777,54.5048,14.8357,46.7775,49.0553,93.3231,116.9434,93.4081,27.0382,115.5371,23.4701,17086.6309
2014-07-24,91.3289,40.8425,591.7254,74.98,31.0753,23.4078,358.61,69.8866,37.2257,82.8027,54.6618,14.9313,47.0145,48.9673,93.35,117.7906,93.4172,26.9937,113.4308,23.4973,17083.8008
2014-07-25,91.9313,40.9344,587.4073,75.19,31.0753,23.5347,324.01,69.5387,37.253,82.259,54.514,14.9026,47.0236,48.9087,92.3653,116.6726,93.3349,26.8602,112.3366,23.3614,16960.5703
2014-07-28,93.2019,40.4469,588.983,74.92,31.0572,23.4894,320.41,69.3008,36.9622,83.1366,54.6803,14.8165,47.0236,48.5861,93.4306,116.3843,93.3349,26.7801,112.2089,23.1803,16982.5898
2014-07-29,92.5995,40.3733,584.0066,73.71,31.0209,23.2991,320.0,69.0536,36.6624,82.2304,54.1722,14.6636,46.9689,48.3123,92.6965,115.6681,93.1978,26.4509,111.5342,23.0535,16912.1094
2014-07-30,92.3831,40.0882,585.8116,74.68,31.1661,23.2266,322.51,68.4495,35.9991,83.1938,54.4217,14.893,47.4793,48.8793,92.4279,115.7642,93.5086,26.2625,111.5069,23.2256,16880.3594
2014-07-31,89.9829,39.7018,570.035,72.65,30.7487,22.8641,312.99,67.3511,35.6993,81.9251,53.2761,14.5776,46.3857,47.8233,88.5697,112.8904,91.4885,25.7598,109.8565,22.7817,16563.3008
2014-08-01,90.4818,39.4258,564.5201,72.36,30.6126,22.6557,307.06,67.3145,35.6993,81.4481,52.1768,14.3195,45.8845,47.0313,88.4444,111.7199,91.3149,25.9034,109.7653,22.9629,16493.3691
2014-08-04,89.9735,39.895,571.5808,73.51,30.8939,22.8097,313.65,67.3145,35.7992,83.2225,52.3339,14.3864,46.4677,47.266,89.6349,111.9557,91.5525,25.8047,109.355,22.8904,16569.2793
2014-08-05,89.5311,39.6282,563.5228,72.69,29.976,22.6285,312.32,67.1314,35.5993,82.755,51.7888,14.3386,45.93,46.826,87.9072,109.1518,91.2417,25.4995,110.5768,22.6639,16429.4707
2014-08-06,89.3805,39.3155,564.8233,72.47,30.0033,22.5922,313.89,68.366,36.2717,82.6024,51.9458,14.5298,45.9392,47.0704,88.6055,109.8244,92.0552,25.3829,108.5586,23.0444,16443.3398
2014-08-07,89.371,39.7662,561.8175,73.17,29.8481,22.5288,311.45,68.1357,35.7538,81.5721,51.6502,14.4533,45.6088,46.9922,87.9699,109.7545,91.3423,25.1674,109.9346,23.0987,16368.2695
2014-08-08,89.617,39.7386,567.2127,73.06,29.775,22.6828,316.8,68.7991,35.8446,82.8504,52.0475,14.5298,45.8841,47.3736,89.2858,111.6849,92.3934,25.4367,110.6593,23.2437,16553.9297
2014-08-11,90.7994,39.7386,566.3251,73.44,30.1586,22.8641,318.33,68.5135,35.9537,83.4705,52.029,14.5489,45.7832,47.3149,88.9974,111.5539,92.4666,25.3559,110.8153,23.3614,16569.9805
2014-08-12,90.7805,40.033,561.1893,72.83,30.2591,22.7916,319.32,68.3845,36.0536,83.1938,52.0567,14.5393,45.6822,47.3638,88.781,111.0123,91.9821,25.2033,110.5126,23.1984,16560.5391
2014-08-13,91.9818,40.5481,573.2062,73.77,31.145,22.8369,326.28,68.2094,36.2899,83.5659,52.3985,14.5776,45.875,47.6669,89.3219,111.4578,92.9967,25.32,111.8978,23.3977,16651.8008
2014-08-14,92.2277,40.7229,573.0766,74.3,30.9989,22.2388,333.21,68.5411,36.5079,84.5294,52.6387,14.6445,46.2329,48.0384,89.3219,110.8988,93.2527,25.7868,113.8517,23.443,16713.5801
2014-08-15,92.6818,41.2012,571.9099,73.63,31.209,22.1391,333.63,68.0896,37.144,85.1685,52.4262,14.5489,46.0769,47.6376,89.2678,111.0838,92.4757,25.706,112.9802,23.2256,16662.9102
2014-08-18,93.798,41.4956,580.566,74.59,31.4282,22.3203,334.53,68.6332,37.571,85.8267,52.8696,14.7687,46.5173,48.41,89.7095,111.26,93.8742,25.8855,114.6498,23.6151,16838.7402
2014-08-19,95.0939,41.9584,585.2532,75.29,31.3642,22.3294,335.13,68.9926,37.4892,85.9412,53.1745,14.7687,46.6733,48.5958,89.6825,112.4316,94.1119,25.9752,115.2002,23.597,16919.5898
2014-08-20,95.1317,41.6066,582.8896,74.81,31.5104,22.3928,335.78,69.0663,37.4802,85.7027,53.2484,14.8357,46.6642,48.6936,89.8718,112.3082,94.3404,25.9304,116.8239,23.8778,16979.1309
2014-08-21,95.1412,41.8566,581.7728,74.57,32.104,22.556,332.91,69.6099,37.6255,86.2179,54.0429,15.4474,47.068,49.9353,89.4932,112.6959,95.2362,25.8675,116.9615,23.9412,17039.4902
2014-08-22,95.8412,41.7918,580.965,74.57,31.9122,22.3385,331.59,69.7757,37.362,86.3228,54.0337,15.4188,46.967,49.7984,88.7901,111.9735,94.8773,25.9573,116.9248,23.6875,17001.2207
2014-08-25,96.0493,41.8103,578.6114,75.02,31.7935,22.3838,334.02,69.7389,37.6255,86.2179,54.8189,15.5717,47.2148,50.4829,89.0154,112.6166,94.9969,25.9483,117.7229,23.7328,17076.8691
2014-08-26,95.4344,41.6622,576.2778,75.96,31.7844,22.4835,341.83,69.5823,37.7982,85.8745,55.1884,15.6099,47.3157,50.9718,89.8177,112.9778,95.1902,26.2176,117.9706,23.5607,17106.6992
2014-08-27,96.6074,41.5326,569.4366,74.63,31.7752,22.4744,343.18,69.8863,37.7982,86.2083,55.0498,15.4857,47.1138,50.7078,89.7185,113.3213,94.9877,26.4689,117.6037,23.6694,17122.0098
2014-08-28,96.7209,41.5418,567.6415,73.86,31.6474,22.5197,340.02,69.9324,37.8254,86.0748,54.6526,15.3041,46.9395,50.2482,89.7546,113.4182,94.7392,26.3702,116.6038,23.5607,17079.5703
2014-08-29,96.9574,42.0509,570.035,74.82,31.894,22.6466,339.04,69.5638,37.9072,85.7409,54.9205,15.3805,47.2056,50.5025,89.6554,114.0349,95.457,26.3791,116.3194,23.5335,17098.4492
2014-09-02,97.7141,41.7362,575.7493,76.68,31.5743,22.5469,342.38,69.7942,37.8345,86.6185,55.1237,15.5526,47.3249,50.8056,88.781,112.3523,95.1165,26.2625,115.1085,23.4158,17067.5605
2014-09-03,93.5899,41.6159,576.3576,75.83,31.5743,22.6919,339.0,70.0337,37.9617,86.7521,55.1515,15.4375,47.3065,51.0696,89.3399,112.6342,95.4846,26.3881,115.5304,23.5064,17078.2793
2014-09-04,92.8142,41.8936,580.3865,75.95,31.8848,22.5741,345.95,70.5405,38.0435,85.9889,55.1607,15.4471,47.3249,51.3042,88.6639,111.7004,95.5583,26.3612,115.0901,23.5154,17069.5801
2014-09-05,93.6182,42.4952,584.4753,77.26,31.967,22.6557,346.38,71.4158,38.0162,86.7521,55.3455,15.3608,47.3983,51.138,89.4751,112.229,96.092,26.6125,114.3838,23.6422,17137.3594
2014-09-08,93.0412,43.0136,588.1053,77.89,32.2684,22.6103,342.34,70.5128,37.9617,86.3896,55.327,15.6772,47.2331,50.8936,88.132,111.1807,95.7515,26.3881,117.4018,23.6241,17111.4199
2014-09-09,92.6912,43.282,579.4192,76.67,31.8848,22.5288,329.75,70.7063,38.1071,85.4738,54.5602,15.4759,46.8661,50.1211,87.7895,110.2733,95.5215,26.2355,117.6128,23.4611,17013.8691
2014-09-10,95.5385,43.3561,581.5035,77.43,31.9853,22.5922,331.33,70.4944,38.3161,85.3975,54.708,15.6868,47.279,50.6785,87.2666,109.4805,96.6165,26.424,117.622,23.5064,17068.7109
2014-09-11,95.9452,43.5042,579.7583,77.92,31.9853,22.8188,330.52,70.1166,38.3939,85.8267,55.2069,15.8882,47.3432,51.0696,87.465,109.0841,96.2116,26.5946,117.0899,23.5698,17049.0
2014-09-12,96.1628,43.2265,574.0439,77.48,31.62,22.8006,331.19,69.8126,37.9454,85.5406,55.4563,16.0991,47.4442,51.2162,86.3382,108.0534,96.2392,26.415,116.457,23.4339,16987.5098
2014-09-15,96.1344,42.8007,571.5309,74.58,31.5469,22.71,323.89,69.8495,37.982,85.9317,55.3732,16.0512,47.6644,51.1478,86.7979,109.4453,96.3681,26.8548,115.8699,23.4792,17031.1406
2014-09-16,95.406,43.282,578.3621,76.08,31.9031,22.855,327.76,70.3193,38.1101,86.1129,55.4194,16.0224,48.004,51.1967,87.8255,110.0795,97.4356,26.9715,116.7964,23.7419,17131.9707
2014-09-17,96.0871,43.0599,583.1689,76.43,31.9488,22.846,324.0,70.2456,38.0827,86.1702,55.715,16.08,48.1875,51.226,87.51,109.8681,97.7208,27.2408,117.2,23.7962,17156.8496
2014-09-18,96.2858,43.208,587.6566,77.0,32.1223,22.855,325.0,70.2272,38.2474,86.1797,56.648,16.3389,48.8574,52.4678,87.0864,109.3572,98.7883,27.4472,117.9522,23.9424,17265.9902
2014-09-19,95.5006,43.9855,594.4479,77.91,31.8026,22.8369,331.32,70.7985,38.4854,86.3228,56.454,16.2526,48.9676,52.2918,87.5461,109.9386,99.3773,27.2857,118.6586,24.0155,17279.7402
2014-09-22,95.5952,43.5597,585.7618,76.8,31.7022,22.6285,324.5,70.3101,38.641,85.1781,56.2693,16.3293,48.5454,51.8616,87.0233,108.7846,99.276,27.0882,117.9798,23.8236,17172.6797
2014-09-23,97.0898,43.0969,579.5389,78.29,31.4373,22.3838,323.63,69.656,38.3389,84.2432,56.297,16.3484,47.8113,51.666,86.5635,108.4058,98.8895,26.9715,116.8514,23.7688,17055.8691
2014-09-24,96.2479,43.5782,586.3801,78.54,31.7387,22.6375,328.21,71.0196,38.6867,85.3307,56.9344,16.4731,47.8388,52.0767,86.3743,107.8244,99.9754,27.2049,117.9522,23.6866,17210.0605
2014-09-25,92.5777,42.6156,573.4855,77.22,31.1816,22.2388,321.93,70.1351,38.2383,84.0142,55.5672,16.1567,47.1781,50.8056,84.959,106.3092,98.5583,26.9087,116.6313,23.3395,16945.8008
2014-09-26,95.302,42.958,575.5199,78.79,31.2912,22.6557,323.21,70.476,38.6227,84.6534,55.9459,16.3293,47.6002,51.3238,86.0227,107.0051,98.5583,26.6753,118.0532,23.4126,17113.1504
2014-09-29,94.6966,42.9858,574.7819,79.0,31.8757,22.7644,321.82,70.0982,38.6684,84.7392,55.7335,16.3101,47.435,50.8936,85.1213,106.1947,98.0429,26.7202,118.1265,23.2207,17071.2207
2014-09-30,95.302,42.9118,575.7792,79.04,31.8026,22.9836,322.44,70.4576,39.0437,84.93,55.6503,16.3484,47.6002,50.6687,84.7787,105.1112,98.0889,26.5407,116.8514,23.4034,17042.9004
2014-10-01,93.8169,42.486,566.7141,76.55,31.0446,22.8557,317.46,70.1351,39.1169,83.461,55.2161,16.1279,47.0404,49.9647,83.706,103.64,95.9816,26.1637,114.3654,22.9832,16804.7109
2014-10-02,94.498,42.3564,568.5191,77.08,30.6153,22.8831,318.41,70.2364,39.0437,82.7932,54.7232,16.1854,47.1689,50.1113,84.1027,103.1643,95.5675,26.0829,113.9067,22.9467,16801.0508
2014-10-03,94.2331,42.6618,573.7049,77.44,31.0811,23.1114,322.74,71.2407,39.3549,84.3767,56.0811,16.5786,47.8113,51.1576,84.6615,103.6929,96.7454,26.2266,115.9157,23.2025,17009.6895
2014-10-06,94.2331,42.6618,575.7692,77.56,31.1542,22.8375,322.2,71.2684,39.904,84.4817,55.9695,16.5786,47.747,51.1185,85.2024,104.0276,96.4969,26.1817,115.824,23.038,16991.9102
2014-10-07,93.4101,42.1435,562.1965,76.29,30.5696,22.4996,316.98,71.2223,40.1969,83.0984,55.1231,16.1854,46.8752,50.1309,84.1658,102.2041,94.2239,25.8406,113.127,22.6635,16719.3906
2014-10-08,95.3493,43.3005,570.9325,77.52,31.3003,22.5179,322.7,72.0884,40.7735,84.0524,56.1741,16.4156,47.8571,51.3727,85.2835,103.9043,96.5429,26.3702,114.6498,23.0654,16994.2207
2014-10-09,95.5574,42.4397,559.3443,75.91,30.7066,22.0887,315.37,71.7383,40.1511,81.7629,54.9464,15.9074,46.9119,50.0038,82.7686,100.8739,93.9386,26.0201,112.6133,22.6361,16659.25
2014-10-10,95.2831,40.7551,542.9992,72.91,29.1448,21.3125,311.39,72.1345,40.7003,82.2971,54.4256,15.8019,46.4715,48.9967,82.5702,100.3278,93.1564,26.1458,111.4574,22.1702,16544.0996
2014-10-13,94.4128,40.4033,531.7501,72.99,28.7429,20.9381,306.45,71.4619,40.3342,80.0458,54.0908,15.7252,46.0677,48.7913,81.8852,98.6893,91.2147,25.5534,110.4942,21.8779,16321.0703
2014-10-14,93.4101,40.4774,536.4671,73.59,29.3549,21.0568,308.31,71.8488,39.9406,80.2652,53.9327,15.8402,44.8104,50.3265,81.6238,96.7072,89.273,25.5444,112.1821,22.0149,16315.1904
2014-10-15,92.2656,40.0053,528.5788,73.21,28.5694,20.9655,305.97,69.2874,39.5654,78.3001,51.6448,15.1115,43.9111,48.5762,81.3263,96.2579,90.3773,25.3021,110.2557,22.1794,16141.7402
2014-10-16,91.0548,39.561,523.0739,72.63,28.1767,20.8377,302.86,68.0159,38.9522,77.9757,51.2263,15.4184,44.1681,48.6447,81.6688,97.8348,89.0613,24.8623,110.3475,22.152,16117.2402
2014-10-17,92.3885,40.3848,509.7704,75.95,28.6607,21.2303,303.64,68.2739,39.245,79.9695,52.2679,15.543,44.682,48.9576,82.2187,98.4866,90.8282,24.979,113.0536,22.6727,16380.4102
2014-10-20,94.3655,40.8013,519.4139,76.95,28.8434,20.9381,306.21,69.2321,39.6203,81.5817,52.6678,15.5909,45.1316,49.4073,82.7235,98.2136,91.2883,25.0687,114.0352,22.8645,16399.6699
2014-10-21,96.929,41.5418,525.0983,78.69,29.7841,21.4677,315.33,70.0429,37.2315,83.5087,53.8769,15.917,46.2971,50.1309,84.4182,101.3848,92.3558,25.3829,116.6129,23.2481,16614.8105
2014-10-22,97.4209,41.079,531.2515,78.37,29.4736,21.2395,312.97,70.0521,37.1766,83.0889,53.4305,15.7252,46.0401,49.5736,83.9494,100.4247,93.1472,25.4008,111.4116,23.0106,16461.3203
2014-10-23,99.1614,41.6714,542.4906,80.04,29.8572,21.5225,313.18,70.2548,37.3963,83.9379,53.9978,15.917,46.4348,50.2678,84.8328,102.3539,94.4448,25.6701,111.9436,23.239,16677.9004
2014-10-24,99.5303,42.6989,538.3021,80.67,30.3048,21.7143,287.06,70.3746,37.5519,84.5294,54.6302,16.032,46.9854,50.6491,85.1754,102.1072,94.9049,26.1278,112.1363,23.4217,16805.4102
2014-10-27,99.4262,42.4952,539.2894,80.28,30.323,21.696,289.97,70.5681,37.3047,84.3767,54.5372,15.9074,47.0863,50.4438,84.4722,101.3232,95.7699,26.056,112.0262,23.3121,16817.9395
2014-10-28,100.9681,43.0321,547.3971,80.77,30.8162,21.9791,295.59,70.347,37.1217,85.7886,55.4579,16.1087,47.5176,51.2749,85.7252,103.1819,96.4325,26.1099,113.393,23.6409,17005.75
2014-10-29,101.5356,43.1524,547.8259,75.86,30.9806,22.0065,294.12,70.3839,37.4878,85.407,55.1417,16.2909,47.8755,51.4802,85.2655,103.1907,97.1411,26.4689,112.9068,23.44,16974.3105
2014-10-30,101.1951,42.6248,548.8033,74.11,29.7567,21.9882,299.07,70.4391,37.8905,86.0652,55.2347,16.3293,48.1416,51.979,85.1393,103.2436,98.503,26.783,113.5857,23.4491,17195.4199
2014-10-31,102.16,43.4579,557.5493,74.99,31.0628,22.3444,305.46,70.2733,38.3298,87.1718,56.2485,16.4539,48.7198,52.3506,87.1765,105.6661,99.184,26.8818,114.5856,23.577,17390.5195
2014-11-03,103.4842,43.9114,553.6998,73.88,31.3368,22.4448,305.72,70.2825,38.2657,87.4866,56.6205,16.5594,48.9767,52.2919,85.8694,102.8736,98.8895,27.0972,115.613,23.4765,17366.2402
2014-11-04,102.7275,44.0318,552.5928,75.76,31.5469,22.7187,302.81,71.1855,38.2749,86.1893,56.0346,16.5019,48.885,52.0181,85.2024,101.6315,99.957,27.178,115.4387,23.4765,17383.8398
2014-11-05,102.9734,44.3002,544.4253,74.83,31.0367,22.9653,296.52,71.5908,38.7234,86.8093,56.8716,16.6265,49.4484,52.8298,85.6982,103.1115,100.1411,27.1961,114.6175,23.5861,17484.5293
2014-11-06,103.268,45.0777,540.5559,75.26,31.0918,23.0657,296.64,71.6922,38.705,87.7633,56.946,16.6457,49.938,52.8005,86.7709,104.4152,100.3159,27.1961,114.9497,24.0794,17554.4707
2014-11-07,103.5625,45.0592,539.5287,75.6,30.8712,23.1297,299.86,72.5767,38.7325,85.8554,57.1692,16.6457,49.7348,52.5658,87.697,104.6531,99.5705,27.0874,114.8297,24.1251,17573.9297
2014-11-10,103.3915,45.2536,545.991,75.0,30.577,22.9653,305.11,73.194,38.7966,85.6455,57.597,16.6553,49.7256,52.7027,87.4155,103.8779,100.1411,27.3409,115.0051,24.1799,17613.7402
2014-11-11,104.218,45.2351,548.7833,74.61,30.623,22.9653,312.01,72.7979,38.9064,85.8363,57.0762,16.6073,49.4946,52.6245,87.5335,104.3359,100.2239,27.4496,115.6694,24.0977,17614.9004
2014-11-12,105.6905,45.1518,545.8115,74.72,30.6873,22.9288,311.51,72.9729,39.0894,85.76,56.3229,16.5786,49.4577,52.243,86.5984,103.64,100.0767,27.5401,116.14,24.2256,17612.1992
2014-11-13,107.1821,45.92,543.8868,74.25,30.9631,23.4492,316.48,76.4189,39.1627,86.3228,56.016,16.5114,49.3191,52.2626,85.9447,102.5829,100.3711,27.5401,118.5944,24.1342,17652.7891
2014-11-14,108.4741,45.8923,542.9094,74.88,31.2113,24.0337,327.82,76.4373,39.1077,86.6185,56.0625,16.4347,49.2822,52.2039,86.3351,103.4187,99.5337,27.4677,118.8988,24.1708,17634.7402
2014-11-17,108.2936,45.7812,535.041,74.24,31.478,24.1706,323.05,76.9993,39.2816,86.2465,56.1555,16.3868,49.3653,52.3897,86.3532,102.9119,99.6626,27.4496,118.4929,24.3078,17647.75
2014-11-18,109.6996,45.3993,533.5651,74.34,31.91,24.2893,324.93,77.202,39.8399,86.1225,56.295,16.4347,49.2083,52.6245,86.1353,102.6629,100.1503,27.694,120.5597,24.6732,17687.8203
2014-11-19,108.9396,44.9149,535.5197,73.33,31.5791,24.2802,326.54,78.3077,40.4714,85.6837,56.3601,16.358,49.2914,52.4778,86.8072,103.552,100.0859,27.5582,121.4363,24.591,17685.7305
2014-11-20,110.4977,45.362,533.3657,73.6,33.05,24.4811,330.54,77.9299,40.4989,84.806,55.9137,16.3005,49.4023,52.3408,86.9979,104.2988,99.5521,27.5582,121.5193,24.527,17719.0
2014-11-21,110.6497,44.6914,536.0283,73.75,32.719,24.545,332.63,77.9944,40.7277,84.8633,56.2206,16.4156,49.7071,52.4778,87.8967,105.428,99.9041,27.5673,122.5158,24.6549,17810.0605
2014-11-24,112.7017,44.3281,537.7935,74.01,33.3258,24.682,335.64,78.6854,40.5172,86.4087,56.6949,16.4731,49.975,53.2015,86.9071,104.5478,98.9964,27.359,124.2043,24.664,17817.9004
2014-11-25,111.7232,44.2163,539.5985,75.63,33.3902,24.9103,335.04,78.2708,40.6636,87.4294,56.0811,16.3964,49.7718,53.133,86.0536,103.2675,98.8297,27.5854,124.3889,24.5362,17814.9395
2014-11-26,113.0532,44.4771,538.8905,77.62,33.9234,25.0472,333.57,78.2985,40.8157,87.6869,56.1183,16.406,50.1413,52.9374,85.7812,102.3429,99.302,28.1557,124.3612,24.5453,17827.75
2014-11-28,112.9867,44.533,540.3465,77.7,34.2451,25.239,338.64,80.6572,41.3133,88.2498,55.9509,16.3389,50.326,52.7809,82.204,96.795,100.2653,28.201,123.9737,24.1982,17828.2402
2014-12-01,109.3196,45.2875,532.3384,75.1,34.1716,25.1933,326.0,79.441,41.0553,88.431,55.802,16.0991,49.7163,52.1746,83.8473,99.3378,100.0616,28.3006,122.156,23.7688,17776.8008
2014-12-02,108.9016,45.1385,532.2886,75.46,34.5669,25.4034,326.31,79.6068,41.0461,89.1656,56.8065,16.4443,50.0858,53.1623,85.5179,101.3737,100.5062,28.5812,122.0545,23.7962,17879.5508
2014-12-03,110.1367,44.7845,529.8652,74.88,34.4106,25.5221,316.5,78.6988,40.3641,88.8221,57.2343,16.627,50.2429,53.9936,86.208,101.0981,99.7744,28.7442,121.7684,24.0977,17912.6191
2014-12-04,109.7186,45.4924,535.8389,75.24,34.4382,25.3577,316.93,78.5321,40.0877,88.9366,57.0855,16.5501,50.3445,53.9643,85.6814,99.8268,99.6262,28.6718,121.1687,23.8328,17900.0996
2014-12-05,109.2531,45.1012,523.8218,76.36,34.6313,25.1112,312.63,77.9391,40.1153,89.4422,58.3131,17.0021,50.8341,54.8444,85.182,98.5731,100.5062,28.9615,121.9899,23.7597,17958.7891
2014-12-08,106.7831,44.4306,525.5371,76.52,34.1992,24.8646,306.64,78.041,39.7559,89.4804,58.2852,16.9828,50.5939,55.128,83.2572,94.9546,100.5154,28.9434,120.2091,23.4674,17852.4805
2014-12-09,108.4171,44.3281,531.9097,76.84,33.9142,25.0381,312.5,77.4202,38.7422,88.66,58.0806,16.8867,50.6493,54.6195,82.9666,95.1413,100.0801,28.9252,119.637,23.3669,17801.1992
2014-12-10,106.3555,43.6854,524.6196,76.18,33.4821,24.5359,305.84,76.8828,38.3367,87.4103,56.4345,16.7136,50.1228,53.2699,80.5062,93.2297,98.4036,28.8438,115.0051,23.0837,17533.1504
2014-12-11,106.042,43.9369,526.8934,77.73,33.7395,24.6455,307.36,77.6704,38.2722,88.6372,56.8623,16.8001,50.2798,53.309,80.9874,93.2742,98.8482,28.6536,113.8332,23.2116,17596.3398
2014-12-12,104.2465,43.732,517.2399,77.83,33.3074,24.5267,307.32,77.6518,37.7008,88.386,55.8393,16.4732,49.6055,52.2235,78.6267,91.0248,96.7271,28.0199,111.4342,22.7366,17280.8301
2014-12-15,102.8214,43.4712,512.3932,76.99,33.0224,24.3624,306.07,77.7723,37.3875,87.816,55.0208,16.2039,49.1344,51.6269,78.8991,89.6734,96.2918,27.9384,112.643,22.4626,17180.8398
2014-12-16,101.4154,42.0647,494.0336,74.69,32.6915,24.2802,295.06,76.8643,37.2216,87.1108,54.3419,16.0789,48.7464,50.0426,78.4542,90.4202,95.1803,27.7664,114.6452,22.3712,17068.8691
2014-12-17,103.9425,42.6049,503.5076,76.11,33.3166,24.4811,298.88,78.041,38.2906,88.2798,55.5881,16.5982,49.6886,51.2944,80.8239,94.261,96.3936,28.1738,115.3926,22.5265,17356.8691
2014-12-18,107.0206,44.2629,509.7006,78.4,34.0337,25.2481,297.73,79.6254,39.0647,89.468,57.1785,16.8578,51.0004,52.9081,82.7669,96.9372,98.9315,28.9434,115.9554,23.1812,17778.1504
2014-12-19,106.194,44.3933,514.9362,79.88,33.4361,25.3577,299.9,78.9027,38.6592,89.7385,57.597,16.9444,50.2983,52.82,85.0186,100.4046,97.7645,28.9162,116.4721,23.6238,17804.8008
2014-12-22,107.2961,44.6914,523.4329,81.45,34.2084,25.7686,306.54,80.033,39.0279,91.0041,57.6063,17.0309,50.7787,52.7711,84.7371,99.6045,98.8667,29.052,118.3083,23.7068,17959.4395
2014-12-23,106.9161,45.1292,529.1373,80.61,34.4106,25.796,306.29,80.2924,39.5992,91.4775,58.1085,17.2425,51.2405,53.221,85.8811,101.3115,96.5882,28.4726,119.9784,23.8635,18024.1699
2014-12-24,106.4126,44.8404,527.3223,80.77,34.4198,25.8417,303.03,80.0793,39.5716,91.2166,58.1085,17.2906,51.1204,53.3384,85.1457,100.8848,96.8753,28.4454,121.0949,23.8174,18030.2109
2014-12-26,108.2936,44.5982,532.5678,80.78,34.5209,25.8873,309.09,80.5241,39.59,91.8059,58.1736,17.2906,51.065,53.2308,84.6282,100.6892,97.3106,28.6536,121.4547,23.7713,18053.7109
2014-12-29,108.2176,44.1977,528.878,80.02,34.1808,25.9878,312.04,80.2739,39.4979,92.26,58.555,17.4156,51.4622,53.5242,84.5011,100.7514,97.5607,28.4183,122.0637,23.6975,18038.2305
2014-12-30,106.897,43.7972,528.9677,79.22,33.7947,25.8964,310.3,80.4129,39.4057,91.4871,58.7317,17.4348,51.1943,53.6318,84.4556,100.5647,97.5885,28.4092,121.6393,23.5777,17983.0703
2014-12-31,104.864,43.2662,524.9587,78.02,33.3626,25.4034,310.35,79.5698,38.9081,90.9944,58.2015,17.204,50.6401,52.9178,83.9381,99.7378,96.8568,28.201,119.9323,23.301,17823.0703
2015-01-02,103.8665,43.555,523.3731,78.45,33.4269,25.385,308.52,79.5883,38.8344,90.5694,58.4917,17.2136,50.5292,53.0645,84.2831,100.0935,96.8105,28.3639,119.9046,23.1074,17832.9902
2015-01-05,100.9404,43.1545,512.463,77.19,33.05,24.8793,302.19,79.3567,38.8344,89.2458,56.6758,16.7136,49.1436,51.3922,81.977,96.0926,96.1343,28.21,119.0742,22.6832,17501.6504
2015-01-06,100.9499,42.5211,500.5856,76.15,32.4341,24.8701,295.29,79.9682,39.1292,88.7725,55.2063,16.2135,48.1182,49.583,81.5412,96.0481,95.6619,28.4454,117.6717,22.1945,17371.6406
2015-01-07,102.3654,43.0613,499.728,76.15,33.1144,25.0999,298.42,82.0899,39.6177,89.6806,55.2905,16.2905,48.4046,50.0426,82.3674,95.9681,97.7737,28.8347,119.4986,22.2038,17584.5195
2015-01-08,106.2985,44.3281,501.3037,78.18,33.7303,25.293,300.46,83.8225,40.0969,90.608,56.5261,16.627,49.4762,50.7957,83.7384,98.1642,98.5425,29.4232,121.6116,22.4712,17907.8691
2015-01-09,106.4126,43.9555,494.8115,77.74,33.7947,25.5505,296.93,82.7848,39.6545,91.0524,55.5433,16.3289,48.6633,49.6612,83.6204,96.2082,97.1995,29.559,121.3717,22.1577,17737.3691
2015-01-12,103.7905,43.406,491.2014,76.72,33.6476,25.7895,291.41,83.4056,39.2951,91.2553,55.0659,16.0404,48.0813,49.27,82.0133,94.1366,96.866,29.6676,120.7535,22.1116,17640.8398
2015-01-13,104.712,43.1824,494.8215,76.45,33.5556,25.8355,294.74,82.7477,39.2859,91.9605,55.0752,15.8192,47.8965,48.918,81.7137,92.6429,97.0328,29.3689,121.0303,22.0009,17613.6797
2015-01-14,104.313,42.8098,499.4986,76.28,33.4177,25.67,293.27,80.2461,39.2214,91.0331,53.1751,15.425,47.3423,47.9693,81.4776,92.3762,96.3288,29.4051,120.3014,21.9271,17427.0898
2015-01-15,101.4819,42.3627,500.4161,74.05,33.2707,25.2011,286.95,80.9595,39.0555,91.149,51.4716,14.6172,46.8527,46.1894,80.7695,91.2826,94.9302,29.3326,120.0799,21.7427,17320.7109
2015-01-16,100.6934,43.0706,506.6889,75.18,33.5097,25.4493,290.74,80.3944,39.1937,91.9508,52.3514,14.7903,47.7026,46.5611,82.7306,93.4609,96.3659,29.6948,120.6704,21.7519,17511.5703
2015-01-20,103.287,43.2104,505.5121,76.24,33.1787,25.8079,289.44,80.3203,39.7743,91.5258,52.1455,14.6749,48.0351,46.2188,82.7033,94.6611,93.8187,29.9664,121.0764,21.9917,17515.2305
2015-01-21,104.0755,42.7726,516.6216,76.74,33.5373,25.5964,297.25,80.2739,39.9586,90.9751,52.314,14.8191,48.1275,46.6882,83.4115,96.1637,94.3837,29.5499,122.1744,22.1669,17554.2793
2015-01-22,106.7831,43.8996,532.9268,77.65,33.9326,26.2032,310.32,81.8119,40.3457,91.9219,53.9052,15.4731,49.6701,48.4779,84.3195,96.8394,96.1065,29.7038,125.1547,22.3882,17813.9805
2015-01-23,107.3341,43.9462,538.4716,77.83,33.5097,25.9366,312.39,82.0065,39.9126,91.5064,53.0534,15.1269,49.199,47.5488,82.5218,94.999,94.6616,29.3779,124.2136,22.5726,17672.5996
2015-01-26,107.4481,43.7879,533.7446,77.5,32.9213,25.716,309.66,82.1177,39.6269,91.748,53.1377,15.2423,49.4946,47.8129,83.3117,96.8038,94.7172,29.6948,123.7061,22.674,17678.6992
2015-01-27,103.686,39.736,517.21,75.78,31.432,24.7322,306.75,81.0985,39.0647,90.7819,52.6042,15.0307,48.9312,47.2456,82.5762,96.2526,94.5597,29.5137,122.239,22.4804,17387.2109
2015-01-28,109.5476,38.3668,508.6036,76.24,31.0551,24.6494,303.91,80.4407,38.6316,89.526,51.2469,14.6172,48.1829,46.0721,79.8524,92.2073,93.9947,28.9252,128.8455,21.9825,17191.3691
2015-01-29,112.9582,39.1306,509.2618,78.0,31.4504,25.0264,311.78,81.2746,38.7975,90.0573,52.1081,14.8384,48.7372,46.5807,79.5165,91.576,94.8283,28.8166,136.3563,22.2038,17416.8496
2015-01-30,111.3052,37.6309,533.0565,75.91,30.3748,24.2449,354.53,78.7359,37.9404,87.874,50.9006,14.5691,47.9612,45.9253,79.3712,91.1581,92.7535,28.2915,134.1326,22.0286,17164.9492
2015-02-02,112.7017,38.4506,527.033,74.99,30.9355,24.6678,364.47,79.4123,38.3275,88.8111,51.9209,14.8672,48.7834,46.6785,81.3324,94.2966,93.3926,28.6536,134.9538,22.3236,17361.0391
2015-02-03,112.7207,38.7487,527.791,75.4,30.9815,24.9345,363.55,79.857,38.3644,90.9075,53.0909,15.2807,49.3745,47.8132,83.7566,97.3817,94.9024,28.9886,135.9503,22.5634,17666.4004
2015-02-04,113.5853,38.9722,521.3287,75.63,31.1111,24.5391,364.75,80.2832,38.4104,97.8439,52.7726,15.1846,49.3095,47.3437,83.0393,96.3326,93.8835,29.29,135.8396,22.2775,17673.0195
2015-02-05,114.396,39.5404,526.1355,75.61,31.426,25.0632,373.89,80.8669,38.5118,99.1578,53.1377,15.3577,49.9046,47.4806,83.8564,97.1862,94.9024,30.1303,137.1129,22.591,17884.8809
2015-02-06,113.4326,39.5032,529.5461,74.47,30.8334,25.0448,374.28,80.9132,38.1985,98.5588,54.186,15.8577,50.6298,48.0676,83.7009,97.4529,93.6427,30.2947,136.5593,22.6095,17824.2891
2015-02-09,114.1861,39.4566,526.3848,74.44,30.4908,24.9345,370.56,79.5976,37.9957,98.2786,54.1205,15.7231,50.4067,48.136,83.7558,98.1819,92.4201,30.2033,136.1717,22.7201,17729.2109
2015-02-10,116.3798,39.6801,535.4698,75.19,31.2037,25.2746,373.0,80.8762,39.074,98.4622,54.7196,15.7904,50.7414,48.3121,83.2527,97.9597,92.948,31.1897,136.5962,22.7939,17868.7598
2015-02-11,119.1076,39.4752,534.5025,76.51,31.0648,24.7598,375.14,79.996,39.0463,98.4139,54.6353,15.7327,50.1184,48.5958,82.8776,97.7818,92.9758,31.281,137.3296,22.84,17862.1406
2015-02-12,120.6146,40.1366,541.4435,76.23,31.6019,27.0859,377.17,79.579,38.862,100.0659,55.7585,16.0308,51.0111,49.7794,84.4968,99.5326,91.1789,31.8473,137.4875,22.9507,17972.3809
2015-02-13,121.2059,40.8631,547.5068,75.74,31.8148,27.0583,381.83,79.5049,38.6961,100.6358,55.8521,15.9731,51.4481,50.0826,85.4115,101.2564,92.2719,31.6372,139.01,23.1904,18019.3496
2015-02-17,121.9212,40.8818,541.3537,75.6,32.1667,26.948,375.43,79.6439,38.5302,100.5875,56.2546,15.9923,51.4853,50.5619,85.1188,100.9152,93.0314,31.5824,139.1864,23.2088,18047.5801
2015-02-18,122.7701,40.8349,538.2223,76.71,31.7315,27.1135,373.37,79.9496,38.4565,100.3364,55.5713,15.675,50.6949,50.2978,83.2527,99.1555,92.5868,31.4911,140.3469,23.2826,18029.8496
2015-02-19,122.5126,40.8068,541.3836,79.42,31.676,26.948,379.0,77.3832,38.8067,100.3653,55.4403,15.5884,50.7321,50.0043,81.8165,97.2791,93.2722,31.4272,142.7422,23.2733,17985.7695
2015-02-20,123.5141,41.1445,537.4744,79.9,31.8611,27.2238,383.66,78.1059,38.6777,101.003,55.9738,15.7519,50.9832,50.6499,82.2556,97.5035,93.5147,31.5642,146.9758,23.4594,18140.4395
2015-02-23,126.8523,41.4166,530.4536,78.84,31.2593,27.2422,380.14,78.3838,38.5671,101.428,55.5526,15.5788,51.2342,50.2,81.4231,96.8391,93.4401,31.4089,143.6614,23.4222,18116.8398
2015-02-24,126.0607,41.3603,534.6222,78.45,31.8611,27.2422,378.59,78.356,38.8251,101.1189,56.9286,15.7519,51.4853,50.7673,81.7982,96.9289,93.9251,31.3632,143.3271,23.6269,18209.1895
2015-02-25,122.8369,41.2665,542.3809,79.56,31.4352,27.1135,385.37,77.4295,38.7514,101.9883,57.2281,15.8577,51.4481,50.9532,81.9629,97.4856,94.4008,31.6555,142.0552,24.1108,18224.5703
2015-02-26,124.3915,41.3321,553.9591,80.41,31.1574,27.4996,384.8,77.6426,39.1292,101.0126,57.6399,15.425,51.2807,51.2662,81.0938,96.1209,95.8839,31.5916,140.8668,24.0922,18214.4199
2015-02-27,122.5222,41.1351,556.8711,78.97,30.7871,27.1318,380.16,77.763,39.9033,100.5489,57.3591,15.2038,50.946,51.276,80.9932,95.7797,95.6134,31.345,140.0498,24.1852,18132.6992
2015-03-02,123.123,41.1633,569.7757,79.75,31.5371,27.757,385.66,77.7908,39.8112,102.2975,57.8178,15.3961,51.6527,52.3226,80.5358,95.0794,96.2756,31.756,142.7887,24.2969,18288.6309
2015-03-03,123.3805,40.6004,572.0694,79.6,31.5741,27.1594,384.61,77.2442,39.5808,102.7419,58.005,15.425,51.5597,52.5574,80.1516,94.415,95.4548,31.5642,144.4319,24.0643,18203.3691
2015-03-04,122.5984,40.394,571.8001,80.9,31.5926,26.9664,382.72,76.5122,39.1661,101.9883,58.1547,15.2803,50.9739,52.4987,79.7491,94.415,94.8112,31.6372,143.2993,23.8782,18096.9004
2015-03-05,120.5669,40.4409,573.7548,81.21,31.2315,26.9388,387.83,77.4295,39.074,101.4667,58.0331,15.4346,50.9925,52.3911,79.3466,94.029,95.6227,31.482,143.4107,24.0271,18135.7207
2015-03-06,120.7481,39.7374,566.1307,80.01,30.7315,26.5986,380.09,76.5215,38.263,100.2977,56.9941,15.6468,50.76,51.902,78.3312,92.9695,93.3748,31.0253,142.1573,23.6548,17856.7793
2015-03-09,121.2632,40.197,567.2925,79.44,30.2963,26.9939,378.56,76.7902,38.1432,101.6889,57.565,15.5986,50.8344,51.7944,77.9013,93.3286,93.8878,31.0801,143.6706,23.8596,17995.7207
2015-03-10,118.7547,39.4278,553.4904,77.55,29.3519,26.3503,369.51,76.0397,37.4981,99.5925,56.1236,15.232,49.5512,50.1119,77.078,92.3949,92.8338,30.8518,141.5074,23.4222,17662.9395
2015-03-11,116.5896,39.3809,549.6709,77.57,29.9352,25.9826,366.37,75.2102,36.9544,99.3993,56.3857,15.5407,49.9325,51.1879,76.8585,92.9605,91.7052,30.7148,140.3469,23.4408,17635.3906
2015-03-12,118.6975,38.4803,553.989,78.93,28.5185,25.9642,374.24,76.338,37.6977,103.534,57.4434,15.5214,51.6899,52.8997,77.0414,91.955,93.1137,31.0527,141.1546,23.6362,17895.2207
2015-03-13,117.8772,38.818,545.8215,78.05,28.6389,25.6884,370.58,76.338,37.0845,102.8288,57.097,15.5214,51.4574,52.3715,76.7213,91.2367,92.5354,31.0527,140.7183,23.3012,17749.3105
2015-03-16,119.1744,38.9869,552.9918,78.07,28.5463,26.0194,373.35,77.6336,37.4376,103.7273,57.8927,15.56,51.82,52.5182,77.5354,92.5924,94.2609,31.4546,142.6679,23.6827,17977.4199
2015-03-17,121.1678,39.1182,549.3318,79.36,28.3241,25.8814,371.92,77.0091,37.642,103.3312,57.668,15.5214,51.9874,52.665,76.9134,92.6283,93.1696,31.208,143.4478,23.5525,17849.0801
2015-03-18,122.5317,39.8687,557.9681,80.91,28.6019,25.8814,375.14,76.9252,37.7256,104.3069,57.7991,15.4153,52.2292,52.5476,78.7337,95.7977,94.634,31.3998,144.5804,23.8596,18076.1895
2015-03-19,121.6065,39.6717,556.4622,82.75,28.463,25.9826,373.24,75.9838,37.1867,103.7273,57.2842,15.0584,51.6155,51.2368,77.2152,94.0469,94.8485,31.1897,143.0765,23.5711,17959.0293
2015-03-20,120.0805,40.2252,558.8257,83.8,28.9908,26.1481,378.49,77.587,37.7721,104.7513,57.7991,15.2803,52.0804,51.8237,77.3341,96.0939,95.5108,31.281,143.4385,23.6362,18127.6504
2015-03-23,121.3299,40.2064,557.28,84.43,28.8889,26.1205,375.11,77.6522,37.7442,104.5484,57.2281,15.1645,51.8665,51.3347,78.1483,95.0974,96.0517,32.0117,141.8695,23.7014,18116.0391
2015-03-24,120.834,40.244,568.6288,85.31,28.5093,25.7435,374.09,77.4099,37.6048,103.4761,56.5916,15.0584,51.4667,50.8064,77.3158,93.5531,95.1003,31.5276,140.7926,23.5152,18011.1406
2015-03-25,117.677,38.8931,557.2551,82.92,27.6759,25.2471,370.96,75.7974,37.5862,101.4377,55.796,14.8655,50.7135,50.2587,77.6269,94.8729,93.5893,31.3267,137.6174,23.1802,17718.5391
2015-03-26,118.4972,38.6586,553.65,83.01,27.8519,24.9069,367.35,76.3287,37.4933,101.6695,55.7305,14.8751,50.6763,50.0728,77.1329,94.4958,93.4028,31.1988,137.5617,23.0779,17678.2305
2015-03-27,117.553,38.4334,546.8387,83.3,29.6297,24.9436,370.56,75.8253,37.2424,101.9014,55.7398,14.769,50.323,49.887,76.456,93.6249,93.5893,31.5368,138.193,23.1337,17712.6602
2015-03-30,120.5288,38.4241,550.5186,83.2,29.1297,25.4217,374.59,76.9252,37.642,102.5197,57.0596,14.9716,50.9274,50.513,78.3312,95.9772,94.7179,31.966,141.7674,23.3757,17976.3105
2015-03-31,118.6784,38.1426,546.4996,82.22,28.9537,25.5051,372.1,76.6642,37.6792,101.3314,56.7039,14.8462,50.5833,50.3956,77.755,94.2534,93.8319,31.7742,139.335,23.0872,17776.1191
2015-04-01,118.5067,38.1989,541.0745,81.67,28.5278,25.2457,370.26,75.2288,37.7999,101.8628,56.4872,14.8655,50.1556,50.4934,77.261,94.0828,92.4794,31.3541,137.9981,23.1151,17698.1797
2015-04-02,119.5273,37.7955,534.0637,81.56,28.5278,25.1345,372.25,75.2474,37.7999,102.4037,57.0243,14.9909,50.5554,50.7282,77.1146,94.5227,92.9364,31.3998,138.5923,23.2082,17763.2402
2015-04-06,121.4634,38.9775,535.2953,82.44,28.7408,25.2179,377.04,75.4898,38.2553,102.0463,56.9772,14.9619,50.2858,50.4934,77.8738,95.9952,92.4887,31.4911,140.1241,23.4315,17880.8496
2015-04-07,120.1854,38.9588,535.5496,82.32,28.9445,25.3754,374.41,75.033,38.1066,101.8531,57.3352,14.9137,50.23,50.3956,78.441,97.4496,93.3655,31.5459,141.4146,23.2826,17875.4199
2015-04-08,119.7943,38.8556,540.1271,82.28,28.9908,25.5236,381.2,75.5271,37.9951,102.7515,57.5237,15.0584,50.2114,50.7575,76.8951,95.7617,93.4215,31.6372,142.3801,23.2733,17902.5098
2015-04-09,120.71,38.9119,539.2994,82.17,28.926,25.5978,383.54,75.35,38.1437,103.1476,57.9194,15.1549,50.3881,50.9923,77.4348,96.0221,94.5127,31.9934,142.4359,23.9433,17958.7305
2015-04-10,121.225,39.137,538.5314,82.04,29.5648,25.9776,382.65,75.1729,37.9858,103.3215,58.1361,15.1645,50.509,51.2857,78.2672,95.9862,95.1936,32.3679,143.3271,26.5303,18057.6504
2015-04-13,120.9866,39.1745,537.6938,83.01,29.3797,25.922,382.36,74.8373,37.8185,102.8964,58.4847,15.2417,50.76,51.5107,78.066,95.6181,93.7852,32.0482,142.2688,25.7114,17977.0391
2015-04-14,120.462,39.0713,528.9378,83.52,29.1574,25.7645,385.11,74.7068,37.642,103.0414,59.3987,15.261,50.3881,51.5792,79.246,97.719,93.7572,31.9934,142.2409,25.8044,18036.6992
2015-04-15,120.9198,39.6436,531.072,82.71,30.3982,26.1722,383.45,74.3247,37.5398,103.3505,60.5011,15.0873,50.9646,52.0487,80.5724,99.1286,93.8319,32.1578,141.5167,25.5532,18112.6094
2015-04-16,120.338,39.5498,532.3384,82.31,30.4352,26.4964,386.04,73.8586,37.7256,104.4325,60.1242,15.232,50.9646,52.841,80.2522,98.9041,93.0764,32.1396,141.0897,25.3857,18105.7695
2015-04-17,118.9836,39.0432,522.6152,80.78,30.0648,25.8664,375.56,72.591,37.4468,103.0703,59.2103,15.0102,50.2579,51.9118,79.5204,97.9614,92.8805,32.0026,138.8893,25.3578,17826.3008
2015-04-20,121.7019,40.2533,533.9141,83.09,30.3056,26.3852,389.51,72.8333,37.7814,104.5484,59.5872,15.0198,50.5461,52.0389,79.804,99.0208,93.4681,31.9752,141.7395,25.1437,18034.9297
2015-04-21,121.0438,40.0,532.508,83.62,30.0278,26.5798,391.18,72.7308,37.8929,104.0268,58.7109,14.9523,50.4718,51.3347,79.4747,98.5181,93.552,31.8656,142.3523,24.7715,17949.5898
2015-04-22,122.6748,40.3284,537.8882,84.63,30.2778,26.515,389.8,73.1036,38.3853,104.2779,59.3045,15.1838,50.8344,51.9411,80.0053,98.3116,93.6733,31.9021,140.3655,25.0414,18038.2695
2015-04-23,123.6762,40.6567,545.5023,82.41,29.9537,26.5705,389.99,73.8027,38.0508,105.302,59.1726,15.1356,51.0111,52.0585,80.0784,98.7335,93.7013,32.2948,139.14,24.9855,18058.6895
2015-04-24,124.258,44.9062,563.5129,81.53,29.7037,26.7002,445.1,74.4179,37.9951,105.814,58.9841,15.0873,50.8623,51.7455,79.557,98.6438,94.2796,32.2126,137.7752,24.939,18080.1406
2015-04-27,126.5185,45.0563,555.37,81.91,30.0926,26.7651,438.56,73.9798,37.9393,106.4226,58.7392,15.0102,51.1133,51.6477,79.5936,98.4911,93.8132,31.5916,137.2182,25.0134,18037.9707
2015-04-28,124.5251,46.1164,553.68,80.68,30.5741,27.1635,429.31,73.7281,37.8836,106.1908,59.1349,15.097,51.5225,51.8629,80.3163,99.766,93.9624,31.4911,136.949,25.2368,18110.1406
2015-04-29,122.6938,46.0226,549.08,80.47,30.4537,26.9133,429.37,72.591,37.6234,106.0845,59.9264,15.4153,51.569,52.5867,80.3803,100.3137,93.636,31.3176,135.6864,25.2089,18035.5293
2015-04-30,119.3651,45.6286,537.34,78.77,30.1389,26.7095,421.78,72.7494,37.6884,105.0315,59.606,15.3671,51.2342,52.1563,79.9229,99.7122,92.5261,30.9888,133.0775,25.1996,17840.5195
2015-05-01,122.9895,45.6473,537.9,78.99,30.9445,26.9874,422.87,73.2621,38.0137,106.7704,59.9358,15.5407,51.3179,52.5867,81.2768,97.8985,93.3935,31.1258,134.3123,25.4136,18024.0605
2015-05-04,122.7511,45.2533,540.78,78.81,30.9537,27.0245,423.04,73.8027,38.0601,107.2631,60.9817,15.8591,51.82,52.9878,81.5146,97.2521,93.5987,31.345,133.7088,25.3764,18070.4004
2015-05-05,119.9851,44.653,530.8,77.56,30.4408,26.7651,421.19,72.824,37.865,107.0506,60.6802,15.7722,51.8107,52.1857,81.0572,96.9648,92.8059,31.1623,132.6783,25.0507,17928.1992
2015-05-06,119.2316,43.4147,524.22,78.1,30.0491,26.8392,419.1,72.8334,37.7814,105.9976,60.2279,15.7144,51.4129,51.6672,80.673,96.9199,92.4981,30.8124,131.7813,24.9483,17841.9805
2015-05-07,119.9691,43.8087,530.7,78.43,30.0677,26.691,426.88,73.1898,37.8185,105.5532,60.7744,15.6661,51.3099,52.196,80.1333,96.5788,92.9551,30.9229,132.2018,25.1623,17924.0605
2015-05-08,122.2294,44.7937,538.22,78.51,30.59,27.0801,433.69,73.6588,38.0787,106.3743,61.7072,15.8687,52.4707,52.8911,81.4049,97.5484,94.6433,31.3281,135.9112,25.4601,18191.1094
2015-05-11,120.9843,44.4372,535.7,78.01,30.4874,27.0616,432.85,73.2555,38.0415,104.9155,61.6695,15.9073,51.9652,52.8422,80.0398,96.3902,94.2329,31.2728,136.3129,25.0507,18105.1699
2015-05-12,120.5533,44.4184,529.04,77.46,30.0771,27.0801,431.02,74.0621,37.8092,105.5338,61.5847,15.8494,51.9277,52.617,80.2611,96.5698,93.7106,31.1071,135.8831,25.153,18068.2305
2015-05-13,120.6874,44.6811,529.62,78.44,30.4408,27.1913,426.87,73.3118,38.1437,105.4855,61.7355,15.888,52.0494,53.0674,79.8369,96.6955,93.7852,30.8768,136.0607,25.3205,18060.4902
2015-05-14,123.5032,45.7036,538.4,81.37,30.7486,26.9133,432.28,73.837,38.5619,106.2004,62.2348,15.9362,52.4613,53.459,80.215,97.3688,94.9791,31.2544,138.2471,25.5066,18252.2402
2015-05-15,123.3308,45.3096,533.85,80.42,30.7672,27.3765,426.0,74.3248,38.5805,106.5579,62.0747,15.7722,51.9746,53.1065,80.5655,97.9582,95.4175,31.3004,137.2379,25.3764,18272.5605
2015-05-18,124.6909,45.0376,532.3,80.88,31.1589,27.5711,425.24,74.9626,38.3946,106.5868,62.5835,15.9266,52.1899,53.5275,80.1044,96.7069,96.4621,31.2912,137.0791,25.4136,18298.8809
2015-05-19,124.5759,44.9243,537.36,80.63,30.9164,27.5526,421.71,71.6891,38.3853,106.8091,63.1394,16.1774,52.7984,54.1737,80.2335,95.2289,96.9658,31.503,137.3968,25.4508,18312.3906
2015-05-20,124.5663,44.9243,539.27,80.55,31.1216,27.4414,423.86,71.1919,38.4225,106.4613,62.64,16.1485,52.4988,53.7429,80.3626,95.4374,96.63,31.5859,136.8081,25.7207,18285.4004
2015-05-21,125.8402,44.7732,542.51,80.48,31.2895,27.2654,431.63,71.3889,38.311,106.6448,62.8002,16.1388,52.4333,53.694,80.4364,95.655,96.226,31.6412,137.6771,25.7951,18285.7402
2015-05-22,126.9416,44.2822,540.11,80.54,31.1962,27.1079,427.63,71.1544,38.2924,106.5192,62.6306,16.1581,52.4239,53.8213,79.8,95.111,95.2207,31.5675,135.3038,25.7579,18232.0195
2015-05-26,124.1449,43.9895,532.32,79.33,30.8698,26.8207,425.47,70.254,38.088,105.727,61.9333,15.9169,52.1056,53.1065,78.7209,93.6601,94.7228,31.4109,133.4258,25.609,18041.5391
2015-05-27,126.4627,44.9526,539.79,80.55,31.4387,27.1542,431.42,70.526,38.2088,106.6255,62.6306,16.1485,52.4894,53.7234,78.4995,93.4969,95.014,31.5859,133.6127,25.609,18162.9902
2015-05-28,126.2137,44.8015,539.78,80.15,31.7185,27.1913,426.57,70.1977,38.2274,106.7801,62.3762,16.0809,52.6205,53.41,78.4995,93.6148,95.0328,31.7148,132.9866,25.7114,18126.1191
2015-05-29,124.777,44.2445,532.11,79.19,32.1382,27.1542,429.23,69.663,38.0601,106.6255,61.9805,15.9169,52.3865,52.9499,78.5825,93.3972,94.0839,32.0003,131.2954,25.3764,18010.6797
2015-06-01,125.0261,44.5938,533.99,80.29,31.6252,27.0338,430.92,70.0945,38.0415,107.1955,62.2631,15.9652,52.4613,53.3121,78.518,93.0617,93.99,31.8253,131.9776,25.3857,18040.3691
2015-06-02,124.4706,44.3011,539.18,80.44,31.0283,26.9411,430.99,69.9069,38.088,106.9926,62.2066,16.1292,52.5924,53.5765,78.5272,93.0164,93.9336,31.7609,133.8462,25.4322,18011.9395
2015-06-03,124.6238,44.235,540.31,82.44,30.5247,26.9504,436.59,70.2446,37.9765,107.3984,62.8473,16.3807,53.2758,54.4675,78.3519,92.6446,94.0369,31.6872,134.3695,25.6183,18076.2695
2015-06-04,123.8959,43.7724,536.7,82.05,30.133,26.5057,430.78,69.5505,37.7163,106.5579,62.4987,16.2356,52.555,54.1737,77.6786,91.9373,93.229,31.5307,131.9215,25.3671,17905.5801
2015-06-05,123.2159,43.5646,533.33,82.14,29.6947,26.4779,426.95,68.5281,37.261,106.5579,63.5257,16.6323,52.9949,55.0647,77.734,92.1186,92.6276,31.3925,131.4917,25.395,17849.4609
2015-06-08,122.4018,43.1775,526.83,80.67,29.1911,26.2,423.5,68.106,37.3168,105.5821,63.0263,16.5259,52.5362,54.4871,78.2597,91.0577,92.0358,31.2912,131.4076,25.3484,17766.5508
2015-06-09,122.0378,43.102,526.69,80.67,29.1444,26.1629,425.48,67.9747,37.3539,104.8383,63.2996,16.7484,53.0792,54.8297,78.0107,91.0577,92.2706,31.3189,130.903,25.4322,17764.0391
2015-06-10,123.4362,44.0084,536.69,82.16,29.676,26.552,430.77,68.4062,37.4747,106.268,64.3172,17.0193,53.5566,55.8284,78.5917,92.3363,92.9001,31.5951,132.3232,25.7114,18000.4004
2015-06-11,123.1584,43.8479,534.61,81.83,29.704,26.7373,432.97,68.4156,37.5684,106.867,64.5622,16.9226,53.6034,56.0144,78.4811,91.6925,93.2383,31.7333,133.5753,25.5997,18039.3691
2015-06-12,121.7984,43.4041,532.33,81.53,29.2097,26.4408,429.92,67.9372,37.4373,106.2197,64.3078,16.9226,53.4443,55.9165,77.4942,90.559,92.4022,31.503,133.4258,25.488,17898.8398
2015-06-15,121.559,42.9415,527.2,80.71,29.275,26.3852,423.67,67.4682,37.0906,106.4419,64.0628,16.9032,53.3413,55.4662,77.2175,90.0331,91.5942,31.3465,132.9493,25.3205,17791.1699
2015-06-16,122.2103,43.2719,528.15,81.06,29.5082,26.5983,427.26,67.8621,37.5497,107.2921,64.4209,16.9806,53.566,55.8774,78.1029,90.7132,92.4116,31.3465,132.996,25.3298,17904.4805
2015-06-17,121.9229,43.4041,529.26,81.79,29.7973,26.8021,427.81,68.2186,37.7277,107.7075,64.2041,16.8065,53.5192,55.3585,78.149,90.4593,92.7592,31.2912,134.0144,25.3764,17935.7402
2015-06-18,122.4784,44.1123,536.73,82.91,30.1983,27.0616,439.39,68.4531,38.0837,109.3788,64.8072,16.8161,54.0153,55.5739,78.8408,90.9036,94.2906,31.6504,135.8364,25.6861,18115.8398
2015-06-19,121.2525,43.5269,536.69,82.51,29.9092,26.8948,434.92,68.2279,37.8495,108.7992,64.1476,16.6129,53.4069,55.0549,78.5917,90.1963,93.8208,31.4754,135.6028,25.5641,18015.9492
2015-06-22,122.2198,43.6496,538.19,84.74,30.0864,26.8114,436.29,68.2749,37.9244,109.6783,64.9768,16.9032,54.2119,55.7599,78.5548,90.9399,94.0369,31.5951,136.1354,25.733,18119.7793
2015-06-23,121.6643,43.3475,540.48,87.88,29.9279,26.6724,445.99,68.0685,37.8307,110.5284,65.7211,17.0967,54.1932,56.1907,78.4626,90.7585,93.7457,31.7701,134.9488,25.855,18144.0703
2015-06-24,122.6987,43.0926,537.84,88.86,29.76,26.413,440.84,67.8903,37.6527,109.9101,65.0333,16.9226,53.8656,55.4759,78.1029,90.0149,93.3229,31.5214,133.6127,25.5828,17966.0703
2015-06-25,122.1145,43.102,535.23,87.98,29.8346,26.3111,440.1,67.4025,37.4935,110.5671,64.6847,16.8065,53.5192,55.0158,77.4112,89.1716,93.1256,31.3281,133.0987,25.3764,17890.3594
2015-06-26,121.3961,42.7338,531.69,88.01,28.9299,26.2,438.1,67.6464,37.4747,111.0888,64.9674,16.8452,53.772,55.1626,77.3466,89.4074,93.6142,31.236,133.1268,25.4233,17946.6797
2015-06-29,119.2699,41.8934,521.52,85.8,28.3424,25.5144,429.86,66.9898,36.9126,109.2146,63.3184,16.342,52.4801,53.7331,76.3874,87.6755,91.7727,30.9321,129.623,25.001,17596.3496
2015-06-30,120.1319,41.6857,520.51,85.77,28.3704,25.4403,434.09,66.5302,36.7533,110.2676,63.8461,16.4678,52.6486,54.0856,76.7378,87.476,91.566,30.8768,129.6136,24.9353,17619.5098
2015-07-01,121.2525,41.969,521.84,86.91,28.1465,25.5336,437.39,67.4213,37.0063,111.8709,64.5574,16.6613,53.2758,54.5164,75.9723,87.1314,92.5149,31.0242,131.4917,25.0197,17757.9102
2015-07-02,121.0992,41.9218,523.4,87.29,28.5009,25.515,437.71,67.4025,36.9969,111.7154,64.0358,16.4775,53.1166,54.2129,76.6825,86.9319,92.4867,30.7295,131.0058,25.1324,17730.1094
2015-07-06,120.6778,41.9123,522.86,87.55,28.016,25.4123,436.04,68.031,36.9313,112.4247,63.8556,16.3904,52.8358,53.929,76.1199,85.9345,92.2612,30.619,131.2954,24.6913,17683.5801
2015-07-07,120.3809,41.8273,525.02,87.22,27.8854,25.543,436.72,69.2128,37.7089,113.7851,63.3529,16.1485,52.6579,53.3611,76.4335,86.3879,92.9377,31.061,133.7528,24.8414,17776.9102
2015-07-08,117.3927,41.7707,516.83,85.65,27.5124,25.1975,429.7,68.5281,37.3436,111.9292,62.0536,15.7228,51.7218,51.6966,75.6034,84.8373,91.8572,30.8032,132.6035,24.2971,17515.4199
2015-07-09,114.9983,42.0351,520.68,85.88,26.9808,25.1229,434.39,68.2655,37.3998,112.3276,62.6985,15.9453,51.9558,52.5876,75.2621,85.0368,92.4492,31.1807,133.4258,24.4191,17548.6191
2015-07-10,118.0727,42.12,530.13,87.95,27.2046,25.4683,443.51,68.5844,37.8401,113.1438,63.59,16.1582,52.4988,53.4198,75.834,85.608,93.5108,31.6412,134.9955,24.6537,17760.4102
2015-07-13,120.3522,42.9981,546.55,90.1,27.7269,25.9444,455.57,69.2972,38.0931,114.7082,64.5763,16.4678,53.1166,54.3794,76.0184,85.7803,94.2061,32.0648,136.995,24.8414,17977.6797
2015-07-14,120.3043,43.0737,561.1,89.68,27.6522,26.1685,465.57,69.2128,38.5709,114.5139,65.4773,16.5742,53.5941,54.7416,76.6548,86.6418,93.7457,32.3042,138.0509,25.0197,18053.5801
2015-07-15,121.4632,43.2058,560.22,89.76,27.6896,26.2432,461.19,69.0815,38.5334,114.9511,65.6196,17.1064,54.0902,55.2801,76.332,85.4539,94.347,32.2121,137.2473,25.123,18050.1699
2015-07-16,123.0818,44.0556,579.85,90.85,27.8854,26.4392,475.48,69.2503,38.8613,115.6993,65.9705,17.3676,54.4553,57.3656,76.4704,85.6715,94.9953,32.3226,138.7423,25.3764,18120.25
2015-07-17,124.1449,44.0179,672.93,94.97,27.4844,26.3085,483.01,68.8376,38.6458,115.4953,65.6386,17.5128,54.24,57.5223,76.1937,84.4655,94.0276,32.295,137.2006,25.5641,18086.4492
2015-07-20,126.4915,44.3011,663.02,97.91,27.1393,26.1685,488.1,68.5656,38.7676,116.1949,65.686,17.5321,54.343,57.6202,75.4097,84.2751,94.3,32.4515,137.0885,25.4702,18100.4102
2015-07-21,125.2272,44.641,662.3,98.39,26.7849,25.9911,488.0,68.2279,38.5896,115.9326,65.5342,17.4934,54.2494,57.8649,75.3175,85.1456,94.2718,32.3594,135.4814,25.1981,17919.2891
2015-07-22,119.9308,42.9981,662.1,97.04,26.6823,25.7017,488.27,68.6219,38.3179,115.952,66.4637,17.8514,54.783,59.079,75.4374,84.792,94.1215,32.12,136.8549,24.9916,17851.0391
2015-07-23,119.8733,43.5363,644.28,95.44,26.673,26.1498,482.18,68.0122,38.2617,115.437,66.0464,17.5902,54.4928,58.6189,74.8379,84.2751,94.1403,32.0279,136.5185,24.6444,17731.9199
2015-07-24,119.2412,43.3758,623.56,96.95,26.1694,26.5139,529.42,67.1399,37.8869,115.5439,65.354,17.3193,54.0902,57.4733,73.7311,82.1533,93.1538,31.5491,134.6031,24.1657,17568.5293
2015-07-27,117.5843,42.8187,627.26,94.17,26.4398,26.3365,531.41,66.9523,37.9806,114.9026,64.5005,17.0967,53.9124,56.7488,73.1039,80.8294,92.3364,31.6227,131.772,24.3534,17440.5898
2015-07-28,118.1685,42.8093,628.0,95.29,27.0087,26.3365,526.03,67.6276,37.99,115.1066,64.5384,17.2999,53.7345,57.1502,76.0738,83.7854,93.0316,32.5528,132.5008,24.4942,17630.2695
2015-07-29,117.795,43.7063,631.93,96.99,27.0554,26.5139,529.0,67.7496,38.0275,116.4475,65.3825,17.5708,54.2587,57.6887,76.6825,84.5562,93.6987,32.9304,134.6778,24.6444,17751.3906
2015-07-30,117.2012,44.2633,632.59,95.21,26.9621,26.4205,536.76,67.684,37.9994,116.6322,65.4773,17.5418,54.4366,57.6985,76.5626,84.3567,93.8021,32.9028,133.622,24.513,17745.9805
2015-07-31,116.1764,44.0934,625.61,94.01,26.9994,26.5326,536.15,67.5151,38.4865,116.603,64.9936,17.2999,54.1745,57.2869,73.0578,80.2309,94.1497,33.2067,134.7059,24.4942,17689.8594
2015-08-03,113.4372,44.1972,631.21,94.14,27.0927,26.4766,535.03,67.7027,38.9175,117.6913,64.9936,17.1935,54.2119,57.2673,71.9971,77.6194,93.9712,33.2895,134.2574,24.2783,17598.1992
2015-08-04,109.7977,44.8865,629.25,94.06,27.1673,26.1685,531.9,67.7683,39.2079,118.2452,64.9272,17.2225,54.1277,57.2967,71.1762,77.2658,93.7645,33.2527,134.1172,24.3065,17550.6895
2015-08-05,110.5256,44.9243,643.78,96.44,27.3836,26.3925,537.01,69.421,39.4609,107.4011,65.1833,17.2902,54.3208,57.5613,71.1762,76.1958,94.4409,33.2434,136.2988,24.4942,17540.4707
2015-08-06,110.7661,44.0179,642.68,95.12,27.2801,26.3365,529.46,68.7411,39.2735,105.4772,64.7281,17.2322,54.2078,56.9342,72.0248,77.2476,93.0786,32.6402,135.2362,24.4285,17419.75
2015-08-07,111.1413,44.1312,635.3,94.3,27.1579,26.2805,522.62,67.2867,39.133,106.2545,64.5384,17.1741,54.1512,56.748,70.8626,75.9419,92.8719,32.6587,133.9197,24.2033,17373.3809
2015-08-10,115.1821,44.6882,633.73,94.15,27.8726,26.6913,524.0,67.5039,39.0487,107.8578,65.3351,17.4547,54.5941,57.5613,72.6335,77.8824,93.7551,32.8165,137.1544,24.6256,17615.1699
2015-08-11,109.1882,43.8196,660.78,93.62,27.2425,26.1591,527.46,67.9289,38.8613,104.9427,64.7091,17.2128,53.9063,56.4834,72.1401,77.7826,93.0223,32.5938,135.4524,24.1282,17402.8398
2015-08-12,110.8719,44.1312,659.56,94.19,27.7033,26.0471,525.91,68.5427,38.6552,103.9613,63.7702,16.9516,53.4446,55.768,73.3503,78.6985,92.7404,32.8258,133.9292,24.269,17402.5098
2015-08-13,110.7853,44.1217,656.45,93.43,27.1485,26.794,529.66,68.0989,38.5053,104.4763,64.0642,17.0484,53.6047,56.1796,73.22,77.8461,92.5243,32.8165,136.1671,24.2033,17408.25
2015-08-14,111.5646,44.3766,657.12,94.42,27.2895,27.1021,531.52,68.3539,38.6458,104.1265,64.3867,17.1258,54.0193,56.4344,72.95,77.9731,92.8344,32.7794,136.4304,24.4754,17477.4004
2015-08-17,112.7192,44.6788,660.87,93.93,27.346,26.9153,535.22,67.91,38.7395,105.963,64.5574,17.1935,54.0382,56.6108,73.3317,76.4213,93.8302,32.9464,135.8192,24.5974,17545.1797
2015-08-18,112.0842,44.9259,656.13,95.17,27.1861,26.3739,535.02,65.6152,38.6926,103.9127,64.6902,17.1161,54.2172,56.3952,72.5218,76.6141,93.3605,32.965,135.9696,24.466,17511.3398
2015-08-19,110.6506,44.2986,660.9,95.31,26.6689,25.9537,532.92,64.7558,38.2055,103.4366,64.1116,16.8935,53.7649,55.8562,70.9671,74.2911,93.3041,32.733,134.2018,24.147,17348.7305
2015-08-20,108.3801,43.3957,646.83,90.56,25.8884,25.2442,515.78,64.6236,37.99,97.1886,62.5373,16.1776,52.8792,54.2197,69.4217,72.7577,92.8156,32.0648,128.842,23.6402,16990.6895
2015-08-21,101.7513,40.9342,612.48,86.06,24.9762,24.7121,494.47,62.8387,37.0344,96.042,60.318,15.5777,50.8534,52.5245,67.1501,69.5624,90.4677,31.1274,123.849,23.0771,16459.75
2015-08-24,99.2113,39.6131,589.61,82.09,24.6847,23.5171,463.37,60.3928,35.957,92.6605,57.1409,14.7939,48.2904,49.3299,63.9756,66.2202,87.8737,29.8188,119.5987,22.4014,15871.3496
2015-08-25,99.8078,38.4631,582.06,83.0,24.3274,22.9849,466.37,59.5901,35.5916,93.1755,56.8185,14.7649,47.1315,48.8791,63.9663,64.292,85.8951,29.0857,118.0002,21.8383,15666.4404
2015-08-26,105.5323,40.592,628.62,87.19,25.6721,23.9745,500.77,61.2238,36.2849,96.421,59.6637,15.539,49.2798,51.2309,67.4946,67.1108,90.0417,30.0973,121.6204,22.5328,16285.5098
2015-08-27,108.6399,41.723,637.61,89.73,26.0671,24.432,518.37,62.4043,36.7908,99.2778,61.1526,15.9066,50.9099,52.3677,69.6823,71.2886,91.0925,30.8676,123.9994,23.4713,16654.7695
2015-08-28,108.9958,41.7515,630.38,91.01,26.7253,24.2733,518.01,61.3277,36.9594,99.579,60.8207,15.8292,50.4482,52.2109,69.8872,73.8504,90.0985,30.3107,125.2876,23.612,16643.0098
2015-08-31,108.4859,41.3619,618.25,89.43,26.8382,24.1613,512.89,61.1294,36.8377,98.996,60.7922,15.8099,50.2503,52.4069,70.0454,74.3646,88.9719,29.9024,122.8804,23.293,16528.0293
2015-09-01,103.637,39.7461,597.79,87.23,26.1611,23.4517,496.54,60.27,36.3036,96.6931,58.279,15.0745,48.0454,49.9178,67.1036,71.7936,87.1826,29.1042,119.8338,22.4108,16058.3496
2015-09-02,108.0818,41.2098,614.34,89.89,26.8946,23.9465,510.55,60.8555,36.4442,99.0057,59.3412,15.3852,48.9877,50.7116,68.1742,71.6742,88.3755,29.6703,122.8334,23.0583,16351.3799
2015-09-03,106.1865,41.3428,606.25,88.15,27.346,24.1799,504.72,61.2522,36.6878,99.1028,59.4455,15.4725,49.4023,50.7508,68.6955,71.8579,87.7033,29.5961,123.2002,23.002,16374.7598
2015-09-04,105.1282,40.497,600.7,88.26,26.8193,23.8252,499.0,60.3361,36.0882,98.1117,58.3264,15.191,48.3281,49.5749,67.4574,70.3979,86.4442,29.1135,122.0154,22.5234,16102.3799
2015-09-08,108.053,41.7135,614.66,89.53,27.7409,24.5534,517.54,62.6876,36.4442,101.0657,59.9007,15.6861,49.8734,50.6136,68.4255,70.554,88.9341,30.1901,125.8331,23.4243,16492.6797
2015-09-09,105.9749,40.9342,612.72,90.44,27.4964,24.2173,516.89,61.4977,35.8821,99.0251,58.9713,15.4337,49.1761,49.859,67.0291,68.7911,87.3057,29.6611,124.7329,23.0396,16253.5703
2015-09-10,108.3031,41.1433,621.35,91.98,27.5246,24.516,522.24,60.5533,35.9945,99.6956,59.4266,15.5696,49.5248,50.0452,67.5132,69.4706,87.7791,30.2736,125.5792,23.1616,16330.4004
2015-09-11,109.881,41.3238,625.77,92.05,27.7127,24.292,529.44,61.0538,36.0323,101.5224,59.3317,15.5696,49.5813,50.0746,67.6715,69.5899,87.9779,30.5984,126.6323,23.415,16433.0898
2015-09-14,110.9393,40.9057,623.24,92.31,27.6375,23.9932,521.38,60.7044,36.0039,100.881,59.161,15.4919,49.7226,49.957,67.4853,69.5716,88.3471,30.3571,126.4066,23.246,16370.96
2015-09-15,111.8725,41.799,635.14,92.9,27.9572,24.2546,522.37,60.7422,36.3819,100.5021,60.2991,15.8317,50.3822,50.9566,67.8297,70.857,89.3695,30.784,128.165,23.7434,16599.8496
2015-09-16,111.9976,42.1032,635.98,93.45,27.9948,24.3386,527.39,61.0916,36.9962,101.0171,60.8302,15.8511,50.6178,51.5347,69.1703,72.5557,89.5683,30.7933,129.0113,24.3347,16739.9492
2015-09-17,109.602,42.0556,642.9,94.34,27.9384,24.1613,538.87,60.8839,37.2135,101.2503,59.4171,15.3949,49.195,50.6136,69.3193,72.9138,89.7861,31.0717,129.2464,24.0032,16674.7402
2015-09-18,109.1498,41.3238,629.25,94.4,27.2895,23.8438,540.26,59.8167,36.8355,99.9288,57.7953,15.1037,48.0926,49.2809,67.6622,71.3804,88.4134,30.487,127.9675,23.4825,16384.5801
2015-09-21,110.8431,41.9226,635.44,95.55,27.4212,23.8438,548.39,60.1756,37.034,100.4827,58.279,15.2395,48.5731,49.6925,68.3231,71.7018,88.1672,30.088,127.9017,23.7571,16510.1895
2015-09-22,109.1017,41.723,622.69,92.96,26.9604,23.4704,538.4,60.0528,36.656,99.5887,57.7669,15.1134,47.7628,49.3691,67.718,70.9305,88.2713,29.9395,125.9929,23.776,16330.4697
2015-09-23,109.9868,41.6945,622.36,93.97,27.0262,23.6011,536.07,60.1756,36.6276,98.6947,57.5108,15.259,47.8476,49.1143,67.3084,69.893,88.0347,30.2736,123.8113,23.8044,16279.8896
2015-09-24,110.641,41.7325,625.8,94.41,26.7817,23.7225,533.75,60.2795,36.9962,97.7716,57.1125,15.0939,47.6308,48.1442,67.7087,70.6,87.5518,30.3478,122.006,23.5866,16201.3203
2015-09-25,110.362,41.761,611.97,92.77,27.0921,24.3013,524.25,60.2322,37.4403,97.4607,58.298,15.424,48.5071,49.5357,68.1742,71.3437,86.1507,29.5961,123.1907,23.5961,16314.6699
2015-09-28,108.1781,41.1433,594.89,89.21,27.045,23.9559,504.06,60.1189,37.3552,95.7019,56.8848,15.0163,47.4612,48.0462,67.5877,69.5716,86.501,28.6031,120.4826,23.0185,16001.8896
2015-09-29,104.9262,41.2858,594.97,86.67,27.4964,23.9372,496.07,60.2322,37.4781,96.6056,56.7521,14.8998,47.9512,48.0168,67.9321,70.0123,88.082,28.7887,121.0656,23.2647,16049.1299
2015-09-30,106.1192,42.0652,608.42,89.9,28.3427,24.5067,511.89,61.2333,37.9128,99.3069,57.8238,15.1231,48.3847,48.6145,69.2169,72.4272,88.3755,29.1506,123.1343,23.8802,16284.7002
2015-10-01,105.4265,42.3978,611.29,90.95,28.2111,24.2149,520.72,60.695,37.6104,99.7636,58.2505,15.0939,48.4695,48.8889,68.9469,71.9313,88.2051,29.5497,122.8146,23.8518,16272.0098
2015-10-02,106.1961,43.3102,626.91,92.07,28.6907,24.2432,532.54,61.3655,38.1679,100.0843,58.0882,14.9289,48.2998,48.8791,70.6412,74.8787,88.9246,30.7005,124.6482,24.1169,16472.3691
2015-10-05,106.581,44.3176,641.47,94.01,29.3489,25.269,543.68,62.206,38.7538,100.9102,59.244,15.2298,49.3834,50.1334,71.507,77.1559,89.7103,31.0717,126.0211,25.3952,16776.4297
2015-10-06,107.0909,44.4317,645.44,92.8,29.8473,25.6266,537.48,62.0266,38.7066,100.8325,59.2726,15.2298,49.0254,50.0354,72.5125,79.8737,88.4418,30.4314,126.5947,25.8402,16790.1895
2015-10-07,106.581,44.4792,642.36,92.4,30.3928,25.9184,541.94,62.6687,39.2358,100.4632,59.3491,15.2881,49.1761,50.2902,73.732,80.9113,89.9186,30.8954,128.842,26.2947,16912.2891
2015-10-08,105.3495,45.097,639.16,92.47,30.5808,26.2666,533.16,63.1598,39.6705,101.6487,59.3491,15.2881,49.5059,50.6136,74.5047,82.5549,90.0133,30.7098,130.7415,26.5409,17050.75
2015-10-09,107.8702,44.7738,643.61,93.24,30.2235,26.2666,539.8,62.9804,39.7083,102.5718,59.158,15.1231,49.129,50.349,73.7879,82.2427,90.2878,30.849,131.3621,26.5787,17084.4902
2015-10-12,107.3699,44.6693,646.67,94.26,30.2893,26.3136,550.19,63.207,39.6894,103.3394,58.9574,15.0648,49.1667,50.251,73.8251,81.4806,90.8748,30.8304,132.2836,26.5977,17131.8594
2015-10-13,107.5527,44.5647,652.3,94.12,30.1295,26.2101,548.9,63.0181,39.3586,103.5726,58.795,15.0648,48.8652,50.1824,73.6948,81.15,90.3636,30.6077,131.9169,26.3894,17081.8906
2015-10-14,106.0326,44.3651,651.16,94.07,30.8441,26.1819,544.83,56.6908,39.387,102.737,57.3049,15.1813,48.526,49.7023,74.6257,82.4171,89.4926,30.6634,126.2092,26.1337,16924.75
2015-10-15,107.62,44.6788,661.74,95.96,30.7971,26.4924,562.44,56.0298,39.6138,104.8358,59.1198,15.7152,49.6473,51.9071,75.8546,83.2986,91.973,31.6286,129.1899,26.5409,17141.75
2015-10-16,106.8311,45.154,662.2,97.54,31.0698,26.5866,570.76,55.6142,39.7083,105.1759,59.6356,15.6472,49.8263,51.6327,76.7856,83.822,93.0049,31.9348,129.3874,27.4404,17215.9707
2015-10-19,107.495,45.2585,666.1,98.47,31.587,26.5866,573.15,55.5765,39.6799,106.3711,59.435,15.6666,49.5248,51.7993,75.3984,82.665,92.7209,32.0184,130.1585,27.4499,17230.5391
2015-10-20,109.4576,45.4011,650.28,97.0,31.446,26.8218,560.88,55.482,39.9634,106.7306,59.7216,15.7249,50.0148,51.7797,75.2495,82.6283,92.3895,31.5543,130.591,27.251,17217.1094
2015-10-21,109.448,44.8594,642.61,97.11,31.3801,26.6148,555.77,55.3781,39.8689,106.9736,59.2822,15.4337,50.0524,50.7704,74.6723,82.0223,92.4274,31.0532,132.7632,27.3173,17168.6094
2015-10-22,111.1221,45.6482,651.79,99.67,32.3487,27.3018,563.91,55.6237,40.8611,110.0441,60.3616,15.6861,50.9382,51.4563,77.1673,84.125,94.2262,30.9325,137.5776,28.0085,17489.1602
2015-10-23,114.5664,50.2482,702.0,102.19,32.8189,27.6218,599.03,55.0571,40.4359,109.8886,61.0112,16.0355,51.5883,52.5637,77.251,83.776,94.9646,31.6007,137.9443,27.9422,17646.6992
2015-10-26,110.9104,51.5598,712.78,103.77,32.5274,27.2453,608.61,54.7926,40.2469,110.3065,61.0398,16.0258,51.1549,52.0443,75.6126,81.5081,94.6143,31.7028,137.9443,27.9801,17623.0508
2015-10-27,110.2081,51.0275,708.49,103.7,32.4146,27.3394,611.01,54.2827,40.2658,110.5494,60.7915,15.919,50.9947,51.5543,75.4915,80.5256,94.851,32.4731,139.5992,27.8949,17581.4297
2015-10-28,114.7492,51.3031,712.95,104.2,32.6402,27.6312,617.1,54.4338,40.3792,111.1032,62.5682,16.7732,52.2479,53.6318,76.5994,82.4447,95.1255,32.9,139.0539,27.8286,17779.5195
2015-10-29,115.9614,50.7139,716.92,104.88,32.0008,27.4241,626.55,54.736,40.4359,111.7834,62.2912,16.5888,51.9087,52.6313,76.5528,82.5365,95.9681,32.2689,138.3957,27.7813,17755.8008
2015-10-30,114.9705,50.0296,710.81,101.97,31.8409,27.1512,625.9,54.056,40.0201,110.5202,61.3742,16.2879,51.0135,52.1507,77.0276,83.4455,95.6462,31.3873,139.2325,27.3836,17663.5391
2015-11-02,116.5868,50.5998,721.11,103.31,32.076,27.0759,628.35,54.4054,39.9162,111.7834,62.6064,16.5597,51.6825,52.7981,79.3923,87.1917,96.7255,32.5381,139.5428,27.8381,17828.7598
2015-11-03,117.9241,51.4647,722.16,102.58,32.2641,26.9254,625.31,54.8776,39.8406,112.2693,62.8357,16.6761,51.7579,53.1218,80.8539,90.1116,96.5267,32.4546,139.2513,28.018,17918.1504
2015-11-04,117.3757,51.7023,728.11,103.94,32.3399,26.7936,640.95,55.1232,39.661,110.0441,62.9026,16.5111,51.7816,52.7981,80.0439,88.8537,96.5077,31.94,140.2069,27.9707,17867.5801
2015-11-05,116.8346,51.6833,731.25,108.76,32.1978,26.756,655.65,55.3498,40.0012,109.8012,63.4661,16.8023,52.0473,53.1119,78.9547,86.8153,96.8769,31.9494,139.9988,28.0653,17863.4297
2015-11-06,116.9699,52.1965,733.76,107.1,32.0463,26.7748,659.37,55.5104,39.6516,112.3956,65.3957,17.4236,52.9865,54.799,78.6382,86.3378,96.4888,31.7435,139.9704,28.3305,17910.3301
2015-11-09,116.4964,51.4742,724.89,106.49,31.5823,26.5207,655.49,55.2365,39.2547,113.1244,64.3736,17.1615,52.626,54.642,76.9572,84.7677,95.4663,31.4816,138.116,28.1695,17730.4805
2015-11-10,112.8248,50.8564,728.32,107.91,31.4497,26.3324,659.68,55.4159,39.472,114.0961,64.6506,17.3265,53.0434,54.7303,77.3329,85.6032,96.0438,31.6125,137.3307,28.5198,17758.2109
2015-11-11,112.1871,50.9895,735.4,109.01,31.1182,26.1819,673.25,54.3771,39.7272,113.2215,64.3354,17.2294,52.9391,53.8476,76.6473,84.6483,96.432,31.5658,137.1793,29.0406,17702.2207
2015-11-12,111.8103,50.6759,731.23,108.02,30.6826,26.1913,665.6,53.7822,39.2925,112.9203,63.0458,16.8606,52.3414,52.4352,74.572,82.5089,94.9267,31.2383,134.8613,28.5577,17448.0703
2015-11-13,108.5445,50.2197,717.0,103.95,30.408,24.6667,642.35,53.2816,39.1035,111.5891,62.6255,16.6956,51.7721,52.1507,73.3418,81.4255,94.5575,31.1261,134.9086,28.6713,17245.2402
2015-11-16,110.3223,51.1036,728.96,104.04,30.3985,25.2125,647.81,54.651,39.6516,112.6385,63.533,16.9188,52.4363,52.6608,75.9712,84.9944,95.8261,31.0231,136.64,28.7471,17483.0098
2015-11-17,109.8489,50.6826,725.3,105.13,30.9099,25.2313,643.3,56.5869,39.3775,112.8426,63.17,16.9091,52.1422,52.4646,75.0885,84.604,96.0912,30.7518,138.2106,28.7092,17489.5
2015-11-18,113.3272,51.5246,740.0,107.77,31.4023,25.5231,663.54,57.5408,39.954,114.7957,64.4309,17.3168,52.8157,53.926,75.821,85.7007,97.1988,31.1635,140.2921,28.8986,17737.1602
2015-11-19,114.7669,51.6107,738.41,106.26,32.4819,25.7584,661.27,57.3236,40.7383,115.3495,64.6315,17.1712,53.1004,54.0045,75.4078,84.4182,97.0284,30.2092,141.2004,28.6619,17732.75
2015-11-20,115.2693,51.8499,756.6,107.32,32.8228,25.9466,668.45,56.7286,40.0957,116.671,64.5169,17.1324,52.9581,53.7004,74.9288,82.7266,97.7342,30.1063,141.3517,29.0311,17823.8105
2015-11-23,113.7717,51.8499,755.98,106.95,32.6524,25.8148,678.99,56.908,40.5966,116.0394,63.8865,16.9576,52.7493,53.2395,75.389,83.6561,98.0107,29.3111,140.3488,28.9649,17792.6797
2015-11-24,114.8635,51.9073,748.28,105.74,32.5387,25.6643,671.15,56.5869,40.9745,114.6111,63.7909,16.9576,52.4458,53.1414,76.8915,84.9014,97.3145,29.9098,140.6422,29.0311,17812.1895
2015-11-25,114.0423,51.3715,748.15,105.41,32.6239,25.636,675.34,56.8891,40.9745,115.3107,63.8673,16.9285,52.3888,53.0433,76.2999,84.4553,97.2382,30.7518,139.4879,28.7471,17813.3906
2015-11-27,113.8297,51.6011,750.26,105.45,32.6334,25.7113,673.26,56.5586,41.0888,111.8709,64.1635,16.9673,52.5501,53.1708,76.2811,83.9906,97.6292,30.677,139.0337,28.7471,17813.3906
2015-11-30,114.3031,52.003,742.6,104.24,32.927,25.6454,664.8,55.567,40.5841,110.2579,63.6954,16.9188,52.275,53.0531,76.6849,84.8736,96.5516,30.6583,137.6145,28.3494,17719.9199
2015-12-01,113.3756,52.8354,767.04,107.12,33.23,25.9466,679.06,55.7087,40.8412,112.1235,64.5838,17.2877,52.8537,53.828,76.9009,85.9517,97.6197,31.4535,139.7812,28.5672,17888.3496
2015-12-02,112.3514,52.8258,762.38,106.07,32.9838,25.8242,676.01,55.5658,40.727,110.7729,63.6763,17.1514,52.256,53.1021,74.7035,83.8791,97.3241,30.7799,139.0432,28.3778,17729.6797
2015-12-03,111.3079,51.8594,752.54,104.38,32.2357,25.3631,666.25,56.2229,40.4318,108.7226,62.8548,16.8399,51.4211,52.4842,73.6329,82.5779,96.1224,30.3028,137.7186,28.4346,17477.6699
2015-12-04,115.0085,53.4956,766.81,106.18,33.088,25.8619,672.64,56.8133,41.2221,111.0061,64.8512,17.3266,52.8157,54.0339,74.0555,83.3772,98.1824,30.6863,140.5002,28.8702,17847.6309
2015-12-07,114.2838,53.3999,763.25,105.61,33.1353,25.8713,669.83,57.6133,41.1364,110.6077,64.0011,17.0735,52.5786,53.3572,72.121,81.1188,98.5352,30.5554,140.4529,28.7566,17730.5098
2015-12-08,114.2355,53.3808,762.37,106.49,32.908,25.5513,677.33,56.7657,40.9555,109.2959,63.0076,16.7328,51.6109,52.3665,70.0832,80.3381,97.6769,30.4337,137.1793,28.5861,17568.0
2015-12-09,111.7137,52.6058,751.61,104.6,32.9649,25.1561,664.79,56.3086,40.6222,108.3145,62.53,16.6452,51.3452,51.7976,71.0223,81.4162,97.4194,30.2092,136.4697,28.8512,17492.3008
2015-12-10,112.2451,52.8832,749.46,105.42,32.927,25.1937,662.32,56.7181,40.7174,108.3145,62.6733,16.7426,51.5539,51.6407,71.0786,82.9962,97.8867,30.2747,138.5228,29.0217,17574.75
2015-12-11,109.3561,51.7255,738.87,102.12,32.4535,24.6196,640.15,56.5276,40.2509,105.6545,61.2022,16.2851,50.5767,50.1302,69.8109,80.3381,96.9712,29.994,136.8292,28.6524,17265.2109
2015-12-14,108.6798,52.7588,747.77,104.66,32.6429,24.9302,657.91,57.5085,40.4222,106.9356,61.3933,16.3532,50.4724,50.1204,71.3979,83.024,97.4194,30.1063,135.2965,28.6524,17368.5
2015-12-15,106.757,52.8163,743.4,104.55,33.3153,25.269,658.64,56.7943,41.0126,109.6836,63.1414,16.9567,52.0947,51.5132,74.5908,86.2119,99.3077,30.1811,138.6364,28.7092,17524.9102
2015-12-16,107.5783,53.7061,758.09,106.79,33.4289,25.636,675.77,57.4228,41.7459,111.2776,64.5073,17.2779,52.9865,52.8667,74.3278,86.8439,100.3759,30.4805,140.1313,29.3341,17749.0898
2015-12-17,105.298,53.2947,749.43,106.22,33.0596,25.1466,670.65,56.1658,41.4126,109.5369,63.3133,16.8399,52.626,51.8271,73.2103,84.1486,98.8404,30.2466,137.7186,29.1434,17495.8398
2015-12-18,102.4477,51.7925,739.31,104.04,32.0747,24.7231,664.14,56.042,40.4699,105.3416,61.5175,16.3143,51.0321,50.2283,72.5717,83.4702,97.2287,29.9285,132.0607,28.8858,17128.5508
2015-12-21,103.7038,52.4622,747.77,104.77,32.4251,25.0714,664.51,56.7086,40.7365,104.2365,62.6064,16.5187,51.2503,50.7972,72.553,82.9404,96.8758,30.3683,133.3096,29.0003,17251.6191
2015-12-22,103.6072,52.9598,750.0,105.51,32.8891,25.3066,663.15,57.6513,41.2221,104.3832,62.7402,16.6258,51.5539,51.013,72.9192,83.8977,97.9535,30.4244,134.7099,29.0861,17417.2695
2015-12-23,104.9405,53.4095,750.31,104.63,33.1448,25.7866,663.7,58.1751,41.584,103.2293,63.7432,16.8788,52.218,51.6211,75.3045,87.1878,98.6974,30.4618,136.2994,29.5249,17602.6094
2015-12-24,104.3801,53.266,748.4,105.02,33.1259,25.7678,662.79,57.9275,41.4602,103.5227,63.619,16.8107,52.0093,51.6996,74.4969,85.552,98.9167,30.5179,135.798,29.4105,17552.1699
2015-12-28,103.211,53.5339,762.51,105.93,33.0785,25.7019,675.2,57.8513,41.4126,104.882,63.4088,16.6744,51.8765,51.3759,73.9428,83.9813,98.4399,30.3308,136.7536,29.4772,17528.2695
2015-12-29,105.0661,54.108,776.6,107.26,33.5615,26.1348,693.97,58.6703,41.6221,104.7157,64.0679,16.8204,52.4552,51.9644,74.3372,84.8085,99.2124,30.7144,139.4122,29.8397,17720.9805
2015-12-30,103.6941,53.8783,771.0,106.22,33.1353,25.9089,689.07,58.7369,41.4887,103.9921,63.6094,16.5965,52.0757,51.2974,73.3512,83.7304,98.974,30.6396,138.5228,29.6203,17603.8691
2015-12-31,101.7037,53.0842,758.88,104.66,32.6239,25.5607,675.89,58.3751,40.9079,102.7599,63.0745,16.3824,51.5729,50.758,73.2009,83.6096,97.963,30.1999,136.8009,29.7157,17425.0293
2016-01-04,101.7906,52.4335,741.84,102.22,32.1883,25.0486,636.99,58.5274,40.3746,100.7063,61.18,15.993,50.1973,50.1498,72.7408,82.5779,95.8268,29.8911,132.9312,29.296,17148.9395
2016-01-05,99.2398,52.6727,742.58,102.73,32.0368,24.9348,633.79,59.9178,40.5175,98.6722,61.2858,15.993,50.1783,49.885,73.3606,83.2843,96.2273,30.1063,133.4705,29.3246,17158.6602
2016-01-06,97.2978,51.7159,743.62,102.97,31.3266,24.6692,632.65,60.5177,40.2985,98.1441,60.4011,15.6523,49.2201,49.1592,72.7502,79.9942,95.7409,29.573,131.3511,28.8572,16906.5098
2016-01-07,93.1913,49.9171,726.39,97.92,30.1523,24.1001,607.94,61.9271,39.6319,97.3031,57.9585,15.0878,47.8159,46.6483,71.5857,77.1595,94.6251,29.3766,125.8447,27.6361,16514.0996
2016-01-08,93.6841,50.0702,714.47,97.33,29.8398,23.5026,607.05,60.5082,39.5271,97.0586,56.6603,14.7958,47.019,45.2457,70.1395,76.3323,93.6142,29.0023,122.9874,27.1401,16346.4502
2016-01-11,95.2011,50.0415,716.03,97.51,30.3606,23.9673,617.74,61.1558,39.5938,97.7138,56.5738,14.9028,47.5218,45.9519,69.2005,75.0683,93.0515,29.0678,123.1955,27.2641,16398.5703
2016-01-12,96.5828,50.5008,726.07,99.37,30.9478,24.0432,617.89,60.5844,40.108,99.2198,56.6988,14.9028,48.7267,45.9813,70.6185,76.3509,93.6905,29.0023,124.8134,27.3213,16516.2207
2016-01-13,94.0996,49.41,700.56,95.44,30.2186,23.3319,581.81,58.9655,39.8509,96.3056,55.1409,14.5037,47.1803,44.3237,71.0411,75.5888,92.527,28.4129,121.2181,26.9397,16151.4102
2016-01-14,96.1576,50.8165,714.72,98.37,31.0046,23.3888,593.0,60.0511,39.8795,96.9217,55.9679,14.5913,48.0436,44.5101,74.2997,79.4365,94.3104,29.1052,122.2399,27.722,16379.0498
2016-01-15,93.8484,48.7881,694.45,94.97,28.1825,22.4024,570.18,58.975,39.5176,91.8268,54.8524,14.0754,46.317,41.6559,72.8535,77.7636,92.5079,28.8246,118.8622,27.1782,15988.0801
2016-01-19,93.3943,48.3766,701.79,95.26,28.2204,22.6205,574.48,59.575,39.9176,91.8952,54.8236,13.8613,45.7382,41.136,71.7454,75.7561,92.9848,28.7123,119.2691,27.1782,16016.0195
2016-01-20,93.5199,48.5967,698.45,94.35,28.0216,21.7195,571.77,57.937,39.4034,90.4968,53.3811,13.3259,45.4157,39.7138,68.7215,73.4047,91.3158,28.6842,115.5603,26.7108,15766.7402
2016-01-21,93.0464,48.3001,706.59,94.16,28.0878,21.7195,575.02,58.9274,39.4129,91.9441,53.1311,13.0047,45.5485,39.3803,69.5855,75.3285,91.497,28.6094,116.7524,27.2736,15882.6797
2016-01-22,97.9934,50.0319,725.25,97.94,28.3435,22.1653,596.38,59.6988,40.0509,94.7605,54.7659,13.1994,46.5067,40.2729,71.905,77.6428,92.2695,28.731,117.8972,26.9397,16093.5098
2016-01-25,96.0803,49.5535,711.67,97.01,28.031,21.9756,596.53,60.4225,40.1461,93.1861,53.5253,12.6153,45.2164,38.7918,69.4728,75.1798,91.9357,28.5346,117.3295,26.7489,15885.2197
2016-01-26,96.6117,49.9171,713.04,97.34,28.353,22.4972,601.25,60.9462,40.0699,94.1444,54.8909,12.956,45.7857,39.7236,72.0271,78.1818,96.4944,28.6936,121.114,27.0065,16167.2305
2016-01-27,90.2637,49.0081,699.99,94.45,28.2299,22.2222,583.35,60.8986,40.0794,92.2375,54.8524,13.0047,46.0798,39.7825,70.703,77.4104,97.429,28.5533,110.2998,26.7108,15944.46
2016-01-28,90.9111,49.8119,730.96,109.11,28.3814,21.9187,635.35,61.1558,40.5365,91.4649,55.0832,13.1702,46.4118,39.6646,72.2994,79.8548,97.5339,28.2539,111.6527,26.9111,16069.6396
2016-01-29,94.0513,52.711,742.95,112.21,29.3758,22.5636,587.0,63.1936,40.8698,93.7044,57.2181,13.7639,47.6547,41.8153,73.107,80.3659,99.6034,28.5252,113.6585,27.7601,16466.3008
2016-02-01,93.172,52.3474,752.0,115.09,29.1864,22.2696,574.81,64.2792,40.946,93.0491,56.6026,13.5887,47.3795,41.7171,71.6421,79.2692,99.5366,28.2258,115.0115,27.3213,16449.1797
2016-02-02,91.2879,50.7113,764.65,114.61,28.2204,21.6531,552.1,63.6698,40.4127,91.064,54.8428,12.8781,46.3264,39.6941,70.0456,75.5051,98.6211,28.1978,111.1891,26.9397,16153.54
2016-02-03,93.0947,49.9075,726.95,112.69,28.0294,21.9092,531.07,63.1079,40.6794,93.0394,55.2082,12.6835,45.509,39.6352,73.6986,78.6465,99.3173,28.0371,115.3048,27.3499,16336.6602
2016-02-04,93.8427,49.7544,708.01,110.49,28.4402,22.3265,536.26,63.2508,40.4984,93.323,56.1603,12.8976,46.1304,40.0574,74.9664,78.8045,99.0884,27.404,116.9511,27.8364,16416.5801
2016-02-05,91.3364,47.9939,683.57,104.07,27.7428,21.71,502.13,63.8031,40.4127,91.8268,55.5352,12.6056,45.7576,39.1441,75.2012,77.0294,95.884,27.4323,115.9576,27.2259,16204.9697
2016-02-08,92.2981,47.2763,682.74,99.75,27.5326,21.748,488.1,63.7079,40.6127,90.0861,54.3716,11.9437,44.4573,37.131,76.2154,79.9198,97.2764,26.9882,113.0341,26.8729,16027.0498
2016-02-09,92.2787,47.1519,678.11,99.54,27.523,21.4824,482.07,62.6699,41.2316,90.2816,54.0446,11.8755,44.4095,36.8363,75.8837,77.0665,97.2478,27.4985,112.4759,26.9779,16014.3799
2016-02-10,91.5793,47.5633,684.12,101.0,26.9689,21.3496,490.48,62.6508,40.5175,86.8882,53.3907,11.6614,44.1418,36.7381,75.192,77.1781,97.0189,27.867,111.1104,26.997,15914.7402
2016-02-11,91.0255,47.5442,683.11,101.91,26.9594,23.4078,503.82,62.2033,40.3842,88.316,51.0347,10.8632,43.1762,34.3518,75.4289,77.1316,96.9903,27.5268,103.5477,26.1861,15660.1797
2016-02-12,91.3073,48.3192,682.4,102.01,27.3606,23.8156,507.08,63.0222,41.0507,89.1375,55.2852,11.6322,45.2317,36.8658,76.7839,79.3994,97.1047,27.7442,103.7291,26.9588,15973.8398
2016-02-16,93.8816,49.2347,691.0,101.61,27.4944,24.508,521.1,62.7556,41.2888,90.8586,56.1122,11.9242,46.1209,38.1916,76.964,79.8229,97.5816,28.1694,107.52,27.5312,16196.4102
2016-02-17,95.3194,50.5164,708.4,105.2,28.1536,25.096,534.1,62.9556,41.4126,93.3914,56.5161,12.226,46.0157,39.0656,77.7031,83.1171,97.7532,27.9993,111.0913,27.9891,16453.8301
2016-02-18,93.5125,50.2948,697.35,103.47,28.1058,25.0675,525.0,61.0605,41.5268,93.0687,55.5929,11.9145,45.6333,38.221,78.1295,81.63,99.4126,27.9237,112.2658,27.741,16413.4297
2016-02-19,93.2987,49.9382,700.91,104.57,27.4275,25.1814,534.9,61.5748,41.6792,92.9122,55.6025,11.8074,45.9775,38.2898,78.1769,81.4135,100.0563,27.867,109.9645,27.6838,16391.9902
2016-02-22,94.1148,50.7381,706.46,107.16,28.0389,25.2572,559.5,62.4985,41.8411,94.2422,56.3237,12.2065,47.0292,38.8102,78.0727,83.5971,100.623,28.3962,112.0939,28.0558,16620.6602
2016-02-23,91.9873,49.3215,695.85,105.46,27.5135,24.7735,552.94,63.3079,41.603,93.2741,53.9677,11.8366,45.987,37.5336,76.9734,79.917,99.9794,28.3112,111.626,27.8746,16431.7793
2016-02-24,93.357,49.4949,699.56,106.88,27.8861,24.9632,554.04,63.9174,41.8125,93.323,53.9869,11.8074,45.5186,37.4059,77.2483,80.2558,100.8247,28.3679,110.3751,27.6266,16484.9902
2016-02-25,93.9982,50.208,705.75,108.07,28.2968,25.2288,555.15,64.7935,42.0506,93.5381,54.8236,11.9923,45.6524,37.9264,77.7126,80.2841,102.1888,28.9065,111.5496,28.1074,16697.2891
2016-02-26,94.1439,49.4371,705.07,107.92,28.4688,25.0486,555.23,63.3365,41.0793,93.2056,55.3332,12.3622,45.9584,38.7906,77.4662,79.3899,101.6124,28.5663,112.8292,28.2708,16639.9707
2016-02-29,93.9302,49.0323,697.77,106.92,28.2682,24.8304,552.52,63.1746,41.0698,93.411,54.1408,12.187,44.8589,38.1523,75.95,78.5335,101.0649,28.0371,112.8483,28.0208,16516.5
2016-03-01,97.6606,50.6706,718.81,109.82,29.0134,25.4469,579.04,63.2889,41.603,95.494,56.9296,12.8392,46.5798,40.5288,77.0208,81.0653,102.9957,28.3868,114.548,28.7324,16865.0801
2016-03-02,97.8743,51.0272,718.85,109.95,29.1758,25.5133,580.21,63.0508,41.6792,94.8583,57.4681,13.103,47.3925,41.4618,78.3664,82.0159,102.8228,28.3301,114.252,29.0209,16899.3203
2016-03-03,98.6029,50.449,712.42,109.58,29.214,25.4849,577.49,62.9841,41.8601,96.6381,57.6604,13.191,47.5837,42.0608,78.0821,82.3829,102.4481,28.245,114.2138,29.0593,16943.9004
2016-03-04,100.0698,50.1406,710.89,108.39,29.2617,25.4185,575.14,63.5936,42.003,96.3056,57.747,13.2301,47.9087,42.0608,77.9779,82.7594,102.3041,28.0749,115.6079,29.2901,17006.7695
2016-03-07,98.9623,49.1769,695.16,105.73,29.5579,25.7409,562.8,64.6506,41.9077,97.1955,57.6412,13.2203,47.8705,41.8448,80.0342,85.3383,102.5346,28.1505,117.3553,29.1267,17073.9492
2016-03-08,98.1463,49.7744,693.97,105.93,29.1949,25.6556,560.26,64.7935,42.2029,95.6602,56.5257,12.761,46.8953,40.3128,78.3001,83.5218,102.0351,27.7442,116.8302,28.9055,16964.0996
2016-03-09,98.2337,50.9212,705.24,107.51,29.491,26.1867,559.47,64.7839,42.6695,95.5037,56.8526,12.8392,46.6467,40.411,78.0821,87.3619,102.6307,28.1033,117.3171,28.8959,17000.3594
2016-03-10,98.2823,50.1599,712.82,107.32,29.854,25.9686,558.93,64.6688,43.0695,94.8974,56.3622,12.9662,46.379,40.627,77.8737,88.416,102.9188,27.9615,117.3935,28.7901,16995.1309
2016-03-11,99.3412,51.1428,726.82,109.41,30.3413,26.4238,569.61,64.4385,43.3765,95.7776,57.0642,13.4743,47.8705,42.2179,77.8831,89.0184,103.4664,28.8214,119.0073,29.1747,17213.3105
2016-03-14,99.5938,51.2392,730.49,109.89,30.026,26.2721,573.37,64.6208,43.4629,96.6283,56.8526,13.3278,47.6888,41.9037,78.0916,88.7172,103.4184,28.4434,120.6401,29.1074,17229.1309
2016-03-15,101.595,51.6439,728.33,110.67,30.2362,26.2341,577.02,65.3211,43.4149,96.0709,56.9296,13.2594,47.7845,41.8251,78.4801,88.7266,103.5144,27.9143,120.6592,29.117,17251.5293
2016-03-16,102.9453,52.3763,736.09,112.18,30.2744,26.4428,574.27,65.2252,43.2326,96.2665,56.6603,13.0053,47.3638,41.4716,78.5275,89.7902,103.1782,27.4418,121.8146,29.0113,17325.7598
2016-03-17,102.7801,52.6751,737.78,111.02,30.5514,26.7368,559.44,64.7071,43.9236,97.4009,56.4968,13.0933,47.5454,42.0804,79.693,91.1925,102.5346,27.7253,124.8034,29.7709,17481.4902
2016-03-18,102.8967,51.5476,737.6,111.45,31.2202,26.8696,552.08,64.2275,43.7604,97.0097,58.1605,13.4743,48.3198,42.758,79.7878,91.9455,103.2647,27.8292,127.9164,29.7325,17602.3008
2016-03-21,102.887,51.9041,742.09,111.85,30.8953,26.7368,553.98,65.206,43.8276,96.2861,58.1412,13.5232,48.4441,42.817,79.2382,90.769,103.0533,28.4151,129.7306,29.8959,17623.8691
2016-03-22,103.6739,52.1065,740.75,112.25,30.8762,26.8222,560.48,65.1101,43.6644,95.4255,57.9297,13.445,48.1573,42.6009,79.712,89.8843,103.1494,28.708,129.024,29.8671,17582.5703
2016-03-23,103.1007,52.0101,738.06,112.54,30.5705,26.3954,569.63,64.7167,43.626,94.6921,57.6412,13.3082,47.5741,41.6091,79.3614,88.0866,104.2253,28.5285,126.866,29.8767,17502.5898
2016-03-24,102.6539,52.2414,735.3,113.05,30.4559,26.5187,582.95,65.2348,43.7412,95.0734,57.1988,13.3668,46.7519,41.1868,79.5793,89.2725,104.0427,28.4246,126.1594,29.9152,17515.7305
2016-03-28,102.1876,51.5958,733.53,113.69,30.475,26.4618,579.87,65.3499,43.9523,95.9242,57.1219,13.3082,46.5607,41.1671,79.8068,89.1125,103.9659,28.1411,125.3668,30.2806,17535.3906
2016-03-29,104.6065,52.7233,744.77,116.14,30.9336,26.6515,593.86,65.2636,44.6049,95.9927,56.7661,13.1128,45.9392,40.9707,80.1005,89.7149,104.84,28.3962,124.9753,30.2709,17633.1094
2016-03-30,106.4328,53.0509,750.53,114.7,31.2488,26.9929,598.69,66.0022,44.7009,96.7261,57.42,13.1714,46.5129,41.1279,80.091,89.649,104.6864,28.4151,122.7791,30.6075,17716.6602
2016-03-31,105.8791,53.2244,744.95,114.1,30.9049,27.0024,593.64,65.7048,44.5185,97.1173,56.9488,13.2105,46.2356,41.0002,79.2098,89.7902,103.9371,28.0088,121.2131,30.569,17685.0898
2016-04-01,106.8505,53.552,749.91,116.06,31.0004,27.211,598.5,66.2517,44.9408,96.8826,57.5739,13.2496,46.3217,41.7073,78.6128,88.7172,104.8881,28.3868,121.2322,30.7037,17792.75
2016-04-04,107.9483,53.4171,745.29,112.55,30.5705,26.9335,593.19,66.29,44.9984,96.5012,57.3511,13.2007,46.3695,41.3046,78.8023,87.936,104.3117,29.0293,120.6401,30.0305,17737.0
2016-04-05,106.6757,52.5787,737.8,112.22,30.475,26.3975,586.14,65.8487,44.6529,94.8583,56.5373,12.8881,45.423,40.7645,77.9021,87.2207,104.6575,29.6341,121.299,29.7902,17603.3203
2016-04-06,107.7929,53.1184,745.69,113.71,30.647,26.7995,602.08,66.2325,44.8256,95.3277,56.9732,12.9662,45.9679,41.1082,78.9444,89.2631,105.109,31.1177,122.1584,29.7132,17716.0508
2016-04-07,105.442,52.4823,740.28,113.64,30.1406,26.4166,591.43,65.4458,44.4898,94.0368,55.5298,12.5558,44.8684,39.5468,78.0537,89.216,104.9649,30.9571,121.2704,29.4536,17541.9609
2016-04-08,105.5585,52.4438,739.15,110.63,30.2171,26.5028,594.6,65.2923,44.9792,94.2911,55.9367,12.5852,45.0023,39.7432,78.8497,90.6655,104.8016,30.7114,122.1107,29.6074,17576.9609
